User_ID,Total_Orders,Total_Returns,Return_Rate,Is_Serial_Returner
USER00005788,1,1,100,1
USER00000759,1,1,100,1
USER00000735,1,1,100,1
USER00005001,1,1,100,1
USER00000763,1,1,100,1
USER00006616,1,1,100,1
USER00007097,1,1,100,1
USER00008333,1,1,100,1
USER00009178,1,1,100,1
USER00008673,1,1,100,1
USER00008128,1,1,100,1
USER00009825,1,1,100,1
USER00008078,1,1,100,1
USER00008900,1,1,100,1
USER00009586,1,1,100,1
USER00008539,1,1,100,1
USER00003689,1,1,100,1
USER00001730,1,1,100,1
USER00001164,1,1,100,1
USER00003388,1,1,100,1
USER00003035,1,1,100,1
USER00001189,1,1,100,1
USER00002407,1,1,100,1
USER00001620,1,1,100,1
USER00003510,1,1,100,1
USER00000253,1,1,100,1
USER00004405,1,1,100,1
USER00004879,1,1,100,1
USER00006282,1,1,100,1
USER00007866,1,1,100,1
USER00006993,1,1,100,1
USER00005333,1,1,100,1
USER00003658,1,1,100,1
USER00004684,1,1,100,1
USER00008880,1,1,100,1
USER00008529,1,1,100,1
USER00009811,1,1,100,1
USER00009423,1,1,100,1
USER00008813,1,1,100,1
USER00002779,1,1,100,1
USER00003755,1,1,100,1
USER00003955,1,1,100,1
USER00005856,1,1,100,1
USER00002270,1,1,100,1
USER00003806,1,1,100,1
USER00000358,1,1,100,1
USER00000888,1,1,100,1
USER00002571,1,1,100,1
USER00003914,1,1,100,1
USER00002425,1,1,100,1
USER00004545,1,1,100,1
USER00000589,1,1,100,1
USER00005468,1,1,100,1
USER00007742,1,1,100,1
USER00007975,1,1,100,1
USER00009706,1,1,100,1
USER00007962,1,1,100,1
USER00009873,1,1,100,1
USER00009818,1,1,100,1
USER00008610,1,1,100,1
USER00009189,1,1,100,1
USER00004321,1,1,100,1
USER00003952,1,1,100,1
USER00006548,1,1,100,1
USER00000022,1,1,100,1
USER00007764,1,1,100,1
USER00005966,1,1,100,1
USER00001849,1,1,100,1
USER00005066,1,1,100,1
USER00006693,1,1,100,1
USER00002894,1,1,100,1
USER00003446,1,1,100,1
USER00004667,1,1,100,1
USER00006488,1,1,100,1
USER00006227,1,1,100,1
USER00002733,1,1,100,1
USER00006422,1,1,100,1
USER00009242,1,1,100,1
USER00001795,1,1,100,1
USER00005087,1,1,100,1
USER00005429,1,1,100,1
USER00006144,1,1,100,1
USER00002422,1,1,100,1
USER00003759,1,1,100,1
USER00002220,1,1,100,1
USER00009533,1,1,100,1
USER00009457,1,1,100,1
USER00007938,1,1,100,1
USER00008543,1,1,100,1
USER00008994,1,1,100,1
USER00009933,1,1,100,1
USER00006038,1,1,100,1
USER00006883,1,1,100,1
USER00000905,1,1,100,1
USER00002301,1,1,100,1
USER00000385,1,1,100,1
USER00005924,1,1,100,1
USER00006307,1,1,100,1
USER00001650,1,1,100,1
USER00000608,1,1,100,1
USER00000922,1,1,100,1
USER00007190,1,1,100,1
USER00005372,1,1,100,1
USER00001435,1,1,100,1
USER00005046,1,1,100,1
USER00002681,1,1,100,1
USER00005390,1,1,100,1
USER00000602,1,1,100,1
USER00002796,1,1,100,1
USER00005555,1,1,100,1
USER00003497,1,1,100,1
USER00008772,1,1,100,1
USER00008690,1,1,100,1
USER00008766,1,1,100,1
USER00009643,1,1,100,1
USER00009124,1,1,100,1
USER00004491,1,1,100,1
USER00006290,1,1,100,1
USER00004589,1,1,100,1
USER00004266,1,1,100,1
USER00005542,1,1,100,1
USER00003359,1,1,100,1
USER00001926,1,1,100,1
USER00006427,1,1,100,1
USER00004817,1,1,100,1
USER00001947,1,1,100,1
USER00007684,1,1,100,1
USER00001976,1,1,100,1
USER00005550,1,1,100,1
USER00006084,1,1,100,1
USER00004737,1,1,100,1
USER00000985,1,1,100,1
USER00007025,1,1,100,1
USER00006894,1,1,100,1
USER00001836,1,1,100,1
USER00007074,1,1,100,1
USER00004904,1,1,100,1
USER00005956,1,1,100,1
USER00009860,1,1,100,1
USER00009132,1,1,100,1
USER00009748,1,1,100,1
USER00009776,1,1,100,1
USER00008031,1,1,100,1
USER00008959,1,1,100,1
USER00008103,1,1,100,1
USER00009317,1,1,100,1
USER00004982,1,1,100,1
USER00006613,1,1,100,1
USER00006615,1,1,100,1
USER00005304,1,1,100,1
USER00006312,1,1,100,1
USER00004211,1,1,100,1
USER00006268,1,1,100,1
USER00007242,1,1,100,1
USER00000104,1,1,100,1
USER00001341,1,1,100,1
USER00001660,1,1,100,1
USER00003284,1,1,100,1
USER00005523,1,1,100,1
USER00002324,1,1,100,1
USER00007241,1,1,100,1
USER00003644,1,1,100,1
USER00000860,1,1,100,1
USER00000141,1,1,100,1
USER00008605,1,1,100,1
USER00009342,1,1,100,1
USER00007955,1,1,100,1
USER00008645,1,1,100,1
USER00009445,1,1,100,1
USER00009607,1,1,100,1
USER00007903,1,1,100,1
USER00009671,1,1,100,1
USER00006588,1,1,100,1
USER00007426,1,1,100,1
USER00005028,1,1,100,1
USER00005269,1,1,100,1
USER00004537,1,1,100,1
USER00002860,1,1,100,1
USER00006750,1,1,100,1
USER00007349,1,1,100,1
USER00003472,1,1,100,1
USER00002201,1,1,100,1
USER00004685,1,1,100,1
USER00005905,1,1,100,1
USER00004903,1,1,100,1
USER00000833,1,1,100,1
USER00004792,1,1,100,1
USER00004729,1,1,100,1
USER00009144,1,1,100,1
USER00008173,1,1,100,1
USER00002780,1,1,100,1
USER00002811,1,1,100,1
USER00002156,1,1,100,1
USER00006369,1,1,100,1
USER00005422,1,1,100,1
USER00000115,1,1,100,1
USER00005806,1,1,100,1
USER00007666,1,1,100,1
USER00002393,1,1,100,1
USER00003387,1,1,100,1
USER00006591,1,1,100,1
USER00002077,1,1,100,1
USER00003661,1,1,100,1
USER00005854,1,1,100,1
USER00007417,1,1,100,1
USER00004328,1,1,100,1
USER00001159,1,1,100,1
USER00006683,1,1,100,1
USER00007522,1,1,100,1
USER00007924,1,1,100,1
USER00007964,1,1,100,1
USER00009162,1,1,100,1
USER00008750,1,1,100,1
USER00008758,1,1,100,1
USER00009278,1,1,100,1
USER00009150,1,1,100,1
USER00009838,1,1,100,1
USER00002933,1,1,100,1
USER00002962,1,1,100,1
USER00000009,1,1,100,1
USER00004461,1,1,100,1
USER00000767,1,1,100,1
USER00002191,1,1,100,1
USER00006485,1,1,100,1
USER00002905,1,1,100,1
USER00002518,1,1,100,1
USER00002300,1,1,100,1
USER00005230,1,1,100,1
USER00003622,1,1,100,1
USER00004838,1,1,100,1
USER00002802,1,1,100,1
USER00001806,1,1,100,1
USER00008494,1,1,100,1
USER00009076,1,1,100,1
USER00009746,1,1,100,1
USER00009839,1,1,100,1
USER00008133,1,1,100,1
USER00009522,1,1,100,1
USER00008492,1,1,100,1
USER00009954,1,1,100,1
USER00008081,1,1,100,1
USER00009236,1,1,100,1
USER00009213,1,1,100,1
USER00008134,1,1,100,1
USER00009824,1,1,100,1
USER00009421,1,1,100,1
USER00001695,1,1,100,1
USER00000064,1,1,100,1
USER00001758,1,1,100,1
USER00004692,1,1,100,1
USER00004234,1,1,100,1
USER00004980,1,1,100,1
USER00003250,1,1,100,1
USER00001607,1,1,100,1
USER00000683,1,1,100,1
USER00002451,1,1,100,1
USER00003507,1,1,100,1
USER00002879,1,1,100,1
USER00003836,1,1,100,1
USER00002350,1,1,100,1
USER00004063,1,1,100,1
USER00000482,1,1,100,1
USER00002567,1,1,100,1
USER00006436,1,1,100,1
USER00007830,1,1,100,1
USER00002042,1,1,100,1
USER00001135,1,1,100,1
USER00006381,1,1,100,1
USER00000809,1,1,100,1
USER00009926,1,1,100,1
USER00009846,1,1,100,1
USER00009722,1,1,100,1
USER00009088,1,1,100,1
USER00009768,1,1,100,1
USER00002096,1,1,100,1
USER00007223,1,1,100,1
USER00001706,1,1,100,1
USER00006382,1,1,100,1
USER00004842,1,1,100,1
USER00001971,1,1,100,1
USER00004256,1,1,100,1
USER00006760,1,1,100,1
USER00002144,1,1,100,1
USER00004397,1,1,100,1
USER00003742,1,1,100,1
USER00001269,1,1,100,1
USER00004062,1,1,100,1
USER00006205,1,1,100,1
USER00006018,1,1,100,1
USER00005298,1,1,100,1
USER00004184,1,1,100,1
USER00000540,1,1,100,1
USER00005456,1,1,100,1
USER00000188,1,1,100,1
USER00009536,1,1,100,1
USER00009548,1,1,100,1
USER00009511,1,1,100,1
USER00008403,1,1,100,1
USER00002115,1,1,100,1
USER00005091,1,1,100,1
USER00007188,1,1,100,1
USER00004404,1,1,100,1
USER00005092,1,1,100,1
USER00000053,1,1,100,1
USER00004121,1,1,100,1
USER00007530,1,1,100,1
USER00007073,1,1,100,1
USER00007503,1,1,100,1
USER00006668,1,1,100,1
USER00003703,1,1,100,1
USER00002221,1,1,100,1
USER00000302,1,1,100,1
USER00006350,1,1,100,1
USER00001580,1,1,100,1
USER00002766,1,1,100,1
USER00000821,1,1,100,1
USER00007452,1,1,100,1
USER00000263,1,1,100,1
USER00007345,1,1,100,1
USER00002778,1,1,100,1
USER00004784,1,1,100,1
USER00001167,1,1,100,1
USER00004188,1,1,100,1
USER00003980,1,1,100,1
USER00002515,1,1,100,1
USER00009554,1,1,100,1
USER00009446,1,1,100,1
USER00009468,1,1,100,1
USER00009842,1,1,100,1
USER00005946,1,1,100,1
USER00003217,1,1,100,1
USER00003998,1,1,100,1
USER00004498,1,1,100,1
USER00000429,1,1,100,1
USER00006809,1,1,100,1
USER00001388,1,1,100,1
USER00002600,1,1,100,1
USER00001370,1,1,100,1
USER00005796,1,1,100,1
USER00007194,1,1,100,1
USER00006511,1,1,100,1
USER00007583,1,1,100,1
USER00004783,1,1,100,1
USER00000067,1,1,100,1
USER00003867,1,1,100,1
USER00003596,1,1,100,1
USER00001471,1,1,100,1
USER00000281,1,1,100,1
USER00006563,1,1,100,1
USER00001838,1,1,100,1
USER00001018,1,1,100,1
USER00006172,1,1,100,1
USER00008653,1,1,100,1
USER00009812,1,1,100,1
USER00008158,1,1,100,1
USER00008045,1,1,100,1
USER00008164,1,1,100,1
USER00005933,1,1,100,1
USER00004484,1,1,100,1
USER00005971,1,1,100,1
USER00004711,1,1,100,1
USER00005710,1,1,100,1
USER00006859,1,1,100,1
USER00005958,1,1,100,1
USER00002089,1,1,100,1
USER00003222,1,1,100,1
USER00004431,1,1,100,1
USER00006972,1,1,100,1
USER00002087,1,1,100,1
USER00003454,1,1,100,1
USER00002287,1,1,100,1
USER00006759,1,1,100,1
USER00004487,1,1,100,1
USER00000867,1,1,100,1
USER00005583,1,1,100,1
USER00006242,1,1,100,1
USER00000432,1,1,100,1
USER00006045,1,1,100,1
USER00005533,1,1,100,1
USER00004136,1,1,100,1
USER00009019,1,1,100,1
USER00009325,1,1,100,1
USER00009744,1,1,100,1
USER00007034,1,1,100,1
USER00005189,1,1,100,1
USER00000241,1,1,100,1
USER00001631,1,1,100,1
USER00007674,1,1,100,1
USER00004862,1,1,100,1
USER00005353,1,1,100,1
USER00003420,1,1,100,1
USER00004878,1,1,100,1
USER00000163,1,1,100,1
USER00005546,1,1,100,1
USER00004744,1,1,100,1
USER00003845,1,1,100,1
USER00006293,1,1,100,1
USER00000139,1,1,100,1
USER00001376,1,1,100,1
USER00009780,1,1,100,1
USER00009270,1,1,100,1
USER00008362,1,1,100,1
USER00009770,1,1,100,1
USER00009620,1,1,100,1
USER00009323,1,1,100,1
USER00009757,1,1,100,1
USER00009610,1,1,100,1
USER00009986,1,1,100,1
USER00005331,1,1,100,1
USER00004955,1,1,100,1
USER00007415,1,1,100,1
USER00006192,1,1,100,1
USER00003396,1,1,100,1
USER00003603,1,1,100,1
USER00007653,1,1,100,1
USER00003290,1,1,100,1
USER00005725,1,1,100,1
USER00000254,1,1,100,1
USER00003522,1,1,100,1
USER00006257,1,1,100,1
USER00003174,1,1,100,1
USER00004480,1,1,100,1
USER00005393,1,1,100,1
USER00001231,1,1,100,1
USER00003875,1,1,100,1
USER00003568,1,1,100,1
USER00000688,1,1,100,1
USER00004612,1,1,100,1
USER00001283,1,1,100,1
USER00000184,1,1,100,1
USER00003075,1,1,100,1
USER00000456,1,1,100,1
USER00006981,1,1,100,1
USER00006756,1,1,100,1
USER00001524,1,1,100,1
USER00001114,1,1,100,1
USER00007527,1,1,100,1
USER00004797,1,1,100,1
USER00005049,1,1,100,1
USER00001995,1,1,100,1
USER00009093,1,1,100,1
USER00009974,1,1,100,1
USER00009154,1,1,100,1
USER00009059,1,1,100,1
USER00009248,1,1,100,1
USER00009292,1,1,100,1
USER00002615,1,1,100,1
USER00003236,1,1,100,1
USER00004425,1,1,100,1
USER00001537,1,1,100,1
USER00002577,1,1,100,1
USER00001058,1,1,100,1
USER00006414,1,1,100,1
USER00004949,1,1,100,1
USER00003094,1,1,100,1
USER00002588,1,1,100,1
USER00007728,1,1,100,1
USER00006699,1,1,100,1
USER00007311,1,1,100,1
USER00001644,1,1,100,1
USER00001313,1,1,100,1
USER00006117,1,1,100,1
USER00009589,1,1,100,1
USER00008139,1,1,100,1
USER00009254,1,1,100,1
USER00005454,1,1,100,1
USER00006984,1,1,100,1
USER00004185,1,1,100,1
USER00005192,1,1,100,1
USER00007773,1,1,100,1
USER00000295,1,1,100,1
USER00002011,1,1,100,1
USER00004208,1,1,100,1
USER00003370,1,1,100,1
USER00005505,1,1,100,1
USER00007572,1,1,100,1
USER00001688,1,1,100,1
USER00006528,1,1,100,1
USER00006100,1,1,100,1
USER00007173,1,1,100,1
USER00002534,1,1,100,1
USER00002519,1,1,100,1
USER00003439,1,1,100,1
USER00000077,1,1,100,1
USER00005345,1,1,100,1
USER00003120,1,1,100,1
USER00007298,1,1,100,1
USER00008137,1,1,100,1
USER00008195,1,1,100,1
USER00008810,1,1,100,1
USER00009930,1,1,100,1
USER00009428,1,1,100,1
USER00009422,1,1,100,1
USER00009651,1,1,100,1
USER00009486,1,1,100,1
USER00001292,1,1,100,1
USER00006638,1,1,100,1
USER00003406,1,1,100,1
USER00007592,1,1,100,1
USER00004344,1,1,100,1
USER00002812,1,1,100,1
USER00006741,1,1,100,1
USER00007264,1,1,100,1
USER00000417,1,1,100,1
USER00005125,1,1,100,1
USER00005825,1,1,100,1
USER00001609,1,1,100,1
USER00005611,1,1,100,1
USER00000678,1,1,100,1
USER00000965,1,1,100,1
USER00006899,1,1,100,1
USER00004164,1,1,100,1
USER00005930,1,1,100,1
USER00008277,1,1,100,1
USER00009279,1,1,100,1
USER00009442,1,1,100,1
USER00008312,1,1,100,1
USER00008934,1,1,100,1
USER00009521,1,1,100,1
USER00009100,1,1,100,1
USER00003301,1,1,100,1
USER00001780,1,1,100,1
USER00007041,1,1,100,1
USER00007779,1,1,100,1
USER00005688,1,1,100,1
USER00004037,1,1,100,1
USER00004548,1,1,100,1
USER00007175,1,1,100,1
USER00000560,1,1,100,1
USER00003736,1,1,100,1
USER00003078,1,1,100,1
USER00002900,1,1,100,1
USER00004500,1,1,100,1
USER00002682,1,1,100,1
USER00004007,1,1,100,1
USER00006479,1,1,100,1
USER00004939,1,1,100,1
USER00003280,1,1,100,1
USER00003957,1,1,100,1
USER00002620,1,1,100,1
USER00004865,1,1,100,1
USER00007920,1,1,100,1
USER00000884,1,1,100,1
USER00007713,1,1,100,1
USER00002127,1,1,100,1
USER00006364,1,1,100,1
USER00006752,1,1,100,1
USER00006868,1,1,100,1
USER00006660,1,1,100,1
USER00002804,1,1,100,1
USER00000091,1,1,100,1
USER00003993,1,1,100,1
USER00000537,1,1,100,1
USER00004231,1,1,100,1
USER00007782,1,1,100,1
USER00001275,1,1,100,1
USER00005373,1,1,100,1
USER00005803,1,1,100,1
USER00001865,1,1,100,1
USER00000900,1,1,100,1
USER00007051,1,1,100,1
USER00006866,1,1,100,1
USER00006813,1,1,100,1
USER00008291,1,1,100,1
USER00009646,1,1,100,1
USER00009985,1,1,100,1
USER00007905,1,1,100,1
USER00008710,1,1,100,1
USER00009016,1,1,100,1
USER00009416,1,1,100,1
USER00008935,1,1,100,1
USER00008757,1,1,100,1
USER00002725,1,1,100,1
USER00004061,1,1,100,1
USER00007775,1,1,100,1
USER00007848,1,1,100,1
USER00006968,1,1,100,1
USER00002663,1,1,100,1
USER00001120,1,1,100,1
USER00000784,1,1,100,1
USER00006317,1,1,100,1
USER00002978,1,1,100,1
USER00005306,1,1,100,1
USER00000903,1,1,100,1
USER00003125,1,1,100,1
USER00004289,1,1,100,1
USER00000707,1,1,100,1
USER00004298,1,1,100,1
USER00000288,1,1,100,1
USER00006906,1,1,100,1
USER00006919,1,1,100,1
USER00000050,1,1,100,1
USER00006314,1,1,100,1
USER00009038,1,1,100,1
USER00009135,1,1,100,1
USER00008586,1,1,100,1
USER00009994,1,1,100,1
USER00009502,1,1,100,1
USER00008629,1,1,100,1
USER00009595,1,1,100,1
USER00009313,1,1,100,1
USER00008531,1,1,100,1
USER00000294,1,1,100,1
USER00006089,1,1,100,1
USER00001427,1,1,100,1
USER00001063,1,1,100,1
USER00006707,1,1,100,1
USER00007046,1,1,100,1
USER00001647,1,1,100,1
USER00005283,1,1,100,1
USER00002605,1,1,100,1
USER00000291,1,1,100,1
USER00001756,1,1,100,1
USER00004059,1,1,100,1
USER00006593,1,1,100,1
USER00007780,1,1,100,1
USER00002562,1,1,100,1
USER00000039,1,1,100,1
USER00003978,1,1,100,1
USER00005098,1,1,100,1
USER00009696,1,1,100,1
USER00008271,1,1,100,1
USER00009480,1,1,100,1
USER00009872,1,1,100,1
USER00009988,1,1,100,1
USER00009483,1,1,100,1
USER00002339,1,1,100,1
USER00007421,1,1,100,1
USER00004966,1,1,100,1
USER00004460,1,1,100,1
USER00003027,1,1,100,1
USER00003126,1,1,100,1
USER00008319,1,1,100,1
USER00005097,1,1,100,1
USER00007261,1,1,100,1
USER00006522,1,1,100,1
USER00007470,1,1,100,1
USER00006904,1,1,100,1
USER00001148,1,1,100,1
USER00007648,1,1,100,1
USER00006190,1,1,100,1
USER00004382,1,1,100,1
USER00006731,1,1,100,1
USER00007772,1,1,100,1
USER00005268,1,1,100,1
USER00002968,1,1,100,1
USER00007096,1,1,100,1
USER00003123,1,1,100,1
USER00004100,1,1,100,1
USER00002036,1,1,100,1
USER00005095,1,1,100,1
USER00009006,1,1,100,1
USER00008422,1,1,100,1
USER00009220,1,1,100,1
USER00009898,1,1,100,1
USER00008790,1,1,100,1
USER00008669,1,1,100,1
USER00007272,1,1,100,1
USER00002016,1,1,100,1
USER00000661,1,1,100,1
USER00003028,1,1,100,1
USER00003347,1,1,100,1
USER00006005,1,1,100,1
USER00003142,1,1,100,1
USER00000313,1,1,100,1
USER00003485,1,1,100,1
USER00003206,1,1,100,1
USER00007178,1,1,100,1
USER00000671,1,1,100,1
USER00002531,1,1,100,1
USER00002473,1,1,100,1
USER00001939,1,1,100,1
USER00008754,1,1,100,1
USER00007921,1,1,100,1
USER00009097,1,1,100,1
USER00009232,1,1,100,1
USER00008033,1,1,100,1
USER00009583,1,1,100,1
USER00008279,1,1,100,1
USER00001745,1,1,100,1
USER00004973,1,1,100,1
USER00000361,1,1,100,1
USER00000229,1,1,100,1
USER00003904,1,1,100,1
USER00004242,1,1,100,1
USER00002190,1,1,100,1
USER00007813,1,1,100,1
USER00007894,1,1,100,1
USER00004613,1,1,100,1
USER00003754,1,1,100,1
USER00000550,1,1,100,1
USER00006954,1,1,100,1
USER00006465,1,1,100,1
USER00005448,1,1,100,1
USER00004362,1,1,100,1
USER00005823,1,1,100,1
USER00000005,1,1,100,1
USER00002840,1,1,100,1
USER00000319,1,1,100,1
USER00006409,1,1,100,1
USER00000761,1,1,100,1
USER00008963,1,1,100,1
USER00008313,1,1,100,1
USER00008650,1,1,100,1
USER00008461,1,1,100,1
USER00009754,1,1,100,1
USER00009141,1,1,100,1
USER00008921,1,1,100,1
USER00003701,1,1,100,1
USER00004399,1,1,100,1
USER00006130,1,1,100,1
USER00004364,1,1,100,1
USER00003579,1,1,100,1
USER00006574,1,1,100,1
USER00000117,1,1,100,1
USER00001671,1,1,100,1
USER00007280,1,1,100,1
USER00005300,1,1,100,1
USER00000211,1,1,100,1
USER00005918,1,1,100,1
USER00006676,1,1,100,1
USER00006740,1,1,100,1
USER00002372,1,1,100,1
USER00001556,1,1,100,1
USER00005264,1,1,100,1
USER00002885,1,1,100,1
USER00004083,1,1,100,1
USER00003463,1,1,100,1
USER00005522,1,1,100,1
USER00000260,1,1,100,1
USER00004599,1,1,100,1
USER00009708,1,1,100,1
USER00009272,1,1,100,1
USER00004472,1,1,100,1
USER00005219,1,1,100,1
USER00001441,1,1,100,1
USER00002710,1,1,100,1
USER00002434,1,1,100,1
USER00001717,1,1,100,1
USER00003005,1,1,100,1
USER00001993,1,1,100,1
USER00007744,1,1,100,1
USER00001169,1,1,100,1
USER00006596,1,1,100,1
USER00005693,1,1,100,1
USER00006780,1,1,100,1
USER00000173,1,1,100,1
USER00000649,1,1,100,1
USER00006207,1,1,100,1
USER00001887,1,1,100,1
USER00004489,1,1,100,1
USER00007706,1,1,100,1
USER00001728,1,1,100,1
USER00000979,1,1,100,1
USER00002396,1,1,100,1
USER00005004,1,1,100,1
USER00004671,1,1,100,1
USER00000881,1,1,100,1
USER00009927,1,1,100,1
USER00008642,1,1,100,1
USER00009294,1,1,100,1
USER00008049,1,1,100,1
USER00009136,1,1,100,1
USER00008009,1,1,100,1
USER00008844,1,1,100,1
USER00009266,1,1,100,1
USER00001174,1,1,100,1
USER00003400,1,1,100,1
USER00000433,1,1,100,1
USER00000931,1,1,100,1
USER00000393,1,1,100,1
USER00001750,1,1,100,1
USER00005450,1,1,100,1
USER00006671,1,1,100,1
USER00000952,1,1,100,1
USER00002084,1,1,100,1
USER00001168,1,1,100,1
USER00002871,1,1,100,1
USER00006315,1,1,100,1
USER00003017,1,1,100,1
USER00002558,1,1,100,1
USER00003338,1,1,100,1
USER00004893,1,1,100,1
USER00004113,1,1,100,1
USER00000349,1,1,100,1
USER00000885,1,1,100,1
USER00005239,1,1,100,1
USER00006494,1,1,100,1
USER00006232,1,1,100,1
USER00008743,1,1,100,1
USER00009865,1,1,100,1
USER00009950,1,1,100,1
USER00009196,1,1,100,1
USER00009500,1,1,100,1
USER00008466,1,1,100,1
USER00007994,1,1,100,1
USER00006595,1,1,100,1
USER00004916,1,1,100,1
USER00002940,1,1,100,1
USER00001384,1,1,100,1
USER00005897,1,1,100,1
USER00001690,1,1,100,1
USER00003599,1,1,100,1
USER00006146,1,1,100,1
USER00003421,1,1,100,1
USER00005151,1,1,100,1
USER00000577,1,1,100,1
USER00003139,1,1,100,1
USER00003859,1,1,100,1
USER00008140,1,1,100,1
USER00008130,1,1,100,1
USER00006930,1,1,100,1
USER00001880,1,1,100,1
USER00001445,1,1,100,1
USER00002691,1,1,100,1
USER00006927,1,1,100,1
USER00004326,1,1,100,1
USER00005787,1,1,100,1
USER00001909,1,1,100,1
USER00005388,1,1,100,1
USER00006870,1,1,100,1
USER00002598,1,1,100,1
USER00007271,1,1,100,1
USER00003247,1,1,100,1
USER00006618,1,1,100,1
USER00001179,1,1,100,1
USER00006358,1,1,100,1
USER00003827,1,1,100,1
USER00000935,1,1,100,1
USER00002866,1,1,100,1
USER00007914,1,1,100,1
USER00008948,1,1,100,1
USER00009565,1,1,100,1
USER00009013,1,1,100,1
USER00002535,1,1,100,1
USER00003460,1,1,100,1
USER00005548,1,1,100,1
USER00001185,1,1,100,1
USER00005504,1,1,100,1
USER00006885,1,1,100,1
USER00003165,1,1,100,1
USER00007104,1,1,100,1
USER00001698,1,1,100,1
USER00001026,1,1,100,1
USER00002135,1,1,100,1
USER00007612,1,1,100,1
USER00004195,1,1,100,1
USER00003221,1,1,100,1
USER00000830,1,1,100,1
USER00006159,1,1,100,1
USER00004377,1,1,100,1
USER00002555,1,1,100,1
USER00004914,1,1,100,1
USER00002972,1,1,100,1
USER00003525,1,1,100,1
USER00000572,1,1,100,1
USER00009168,1,1,100,1
USER00008404,1,1,100,1
USER00008988,1,1,100,1
USER00009888,1,1,100,1
USER00008518,1,1,100,1
USER00007959,1,1,100,1
USER00008372,1,1,100,1
USER00008104,1,1,100,1
USER00007478,1,1,100,1
USER00005911,1,1,100,1
USER00004205,1,1,100,1
USER00004177,1,1,100,1
USER00002475,1,1,100,1
USER00004653,1,1,100,1
USER00001066,1,1,100,1
USER00003662,1,1,100,1
USER00001899,1,1,100,1
USER00000478,1,1,100,1
USER00005829,1,1,100,1
USER00002818,1,1,100,1
USER00001420,1,1,100,1
USER00002872,1,1,100,1
USER00003837,1,1,100,1
USER00007504,1,1,100,1
USER00003097,1,1,100,1
USER00006697,1,1,100,1
USER00005126,1,1,100,1
USER00001025,1,1,100,1
USER00004041,1,1,100,1
USER00006502,1,1,100,1
USER00007167,1,1,100,1
USER00004698,1,1,100,1
USER00003156,1,1,100,1
USER00009415,1,1,100,1
USER00008117,1,1,100,1
USER00008541,1,1,100,1
USER00009276,1,1,100,1
USER00009884,1,1,100,1
USER00006803,1,1,100,1
USER00007038,1,1,100,1
USER00007750,1,1,100,1
USER00006849,1,1,100,1
USER00002321,1,1,100,1
USER00003802,1,1,100,1
USER00001034,1,1,100,1
USER00001408,1,1,100,1
USER00005037,1,1,100,1
USER00000580,1,1,100,1
USER00003707,1,1,100,1
USER00002161,1,1,100,1
USER00007408,1,1,100,1
USER00004163,1,1,100,1
USER00004411,1,1,100,1
USER00006492,1,1,100,1
USER00006180,1,1,100,1
USER00006171,1,1,100,1
USER00001718,1,1,100,1
USER00005065,1,1,100,1
USER00006768,1,1,100,1
USER00007810,1,1,100,1
USER00009300,1,1,100,1
USER00009798,1,1,100,1
USER00009969,1,1,100,1
USER00008682,1,1,100,1
USER00009265,1,1,100,1
USER00009940,1,1,100,1
USER00009028,1,1,100,1
USER00002072,1,1,100,1
USER00001386,1,1,100,1
USER00003570,1,1,100,1
USER00002881,1,1,100,1
USER00000927,1,1,100,1
USER00004133,1,1,100,1
USER00001945,1,1,100,1
USER00004011,1,1,100,1
USER00000078,1,1,100,1
USER00007186,1,1,100,1
USER00004919,1,1,100,1
USER00005217,1,1,100,1
USER00004822,1,1,100,1
USER00003968,1,1,100,1
USER00002957,1,1,100,1
USER00002258,1,1,100,1
USER00002253,1,1,100,1
USER00003480,1,1,100,1
USER00003509,1,1,100,1
USER00000065,1,1,100,1
USER00005253,1,1,100,1
USER00005029,1,1,100,1
USER00002874,1,1,100,1
USER00009153,1,1,100,1
USER00007858,1,1,100,1
USER00003621,1,1,100,1
USER00001540,1,1,100,1
USER00000697,1,1,100,1
USER00002829,1,1,100,1
USER00002027,1,1,100,1
USER00000567,1,1,100,1
USER00001957,1,1,100,1
USER00000379,1,1,100,1
USER00009259,1,1,100,1
USER00008207,1,1,100,1
USER00009352,1,1,100,1
USER00009900,1,1,100,1
USER00009193,1,1,100,1
USER00009099,1,1,100,1
USER00003684,1,1,100,1
USER00003567,1,1,100,1
USER00006937,1,1,100,1
USER00003996,1,1,100,1
USER00006305,1,1,100,1
USER00003419,1,1,100,1
USER00002987,1,1,100,1
USER00001974,1,1,100,1
USER00001195,1,1,100,1
USER00004272,1,1,100,1
USER00001657,1,1,100,1
USER00005741,1,1,100,1
USER00004672,1,1,100,1
USER00006281,1,1,100,1
USER00002569,1,1,100,1
USER00000194,1,1,100,1
USER00009408,1,1,100,1
USER00008389,1,1,100,1
USER00008582,1,1,100,1
USER00008818,1,1,100,1
USER00009749,1,1,100,1
USER00004875,1,1,100,1
USER00005912,1,1,100,1
USER00003128,1,1,100,1
USER00002461,1,1,100,1
USER00006075,1,1,100,1
USER00003200,1,1,100,1
USER00002511,1,1,100,1
USER00006040,1,1,100,1
USER00006816,1,1,100,1
USER00006446,1,1,100,1
USER00003009,1,1,100,1
USER00005490,1,1,100,1
USER00006327,1,1,100,1
USER00002997,1,1,100,1
USER00004085,1,1,100,1
USER00008800,1,1,100,1
USER00009349,1,1,100,1
USER00008328,1,1,100,1
USER00009659,1,1,100,1
USER00003929,1,1,100,1
USER00007869,1,1,100,1
USER00000555,1,1,100,1
USER00003988,1,1,100,1
USER00001715,1,1,100,1
USER00003011,1,1,100,1
USER00001469,1,1,100,1
USER00005847,1,1,100,1
USER00003367,1,1,100,1
USER00000911,1,1,100,1
USER00004866,1,1,100,1
USER00007611,1,1,100,1
USER00001667,1,1,100,1
USER00000272,1,1,100,1
USER00002494,1,1,100,1
USER00007831,1,1,100,1
USER00001212,1,1,100,1
USER00000692,1,1,100,1
USER00003628,1,1,100,1
USER00005617,1,1,100,1
USER00000367,1,1,100,1
USER00001437,1,1,100,1
USER00009306,1,1,100,1
USER00009482,1,1,100,1
USER00009596,1,1,100,1
USER00009288,1,1,100,1
USER00009284,1,1,100,1
USER00007790,1,1,100,1
USER00002878,1,1,100,1
USER00001696,1,1,100,1
USER00001719,1,1,100,1
USER00005890,1,1,100,1
USER00003652,1,1,100,1
USER00001210,1,1,100,1
USER00007437,1,1,100,1
USER00006402,1,1,100,1
USER00000906,1,1,100,1
USER00007404,1,1,100,1
USER00005776,1,1,100,1
USER00007543,1,1,100,1
USER00008070,1,1,100,1
USER00008943,1,1,100,1
USER00009490,1,1,100,1
USER00009128,1,1,100,1
USER00009080,1,1,100,1
USER00009542,1,1,100,1
USER00000660,1,1,100,1
USER00001263,1,1,100,1
USER00000982,1,1,100,1
USER00001613,1,1,100,1
USER00003581,1,1,100,1
USER00007438,1,1,100,1
USER00006607,1,1,100,1
USER00005307,1,1,100,1
USER00003163,1,1,100,1
USER00003666,1,1,100,1
USER00003214,1,1,100,1
USER00005704,1,1,100,1
USER00004081,1,1,100,1
USER00000394,1,1,100,1
USER00009338,1,1,100,1
USER00009655,1,1,100,1
USER00008695,1,1,100,1
USER00008681,1,1,100,1
USER00008391,1,1,100,1
USER00009875,1,1,100,1
USER00003601,1,1,100,1
USER00004348,1,1,100,1
USER00005628,1,1,100,1
USER00006243,1,1,100,1
USER00001933,1,1,100,1
USER00000248,1,1,100,1
USER00005769,1,1,100,1
USER00002331,1,1,100,1
USER00000181,1,1,100,1
USER00001743,1,1,100,1
USER00001143,1,1,100,1
USER00001659,1,1,100,1
USER00003189,1,1,100,1
USER00000721,1,1,100,1
USER00004798,1,1,100,1
USER00001130,1,1,100,1
USER00004825,1,1,100,1
USER00001918,1,1,100,1
USER00004614,1,1,100,1
USER00002859,1,1,100,1
USER00001326,1,1,100,1
USER00007236,1,1,100,1
USER00001938,1,1,100,1
USER00005059,1,1,100,1
USER00009505,1,1,100,1
USER00009815,1,1,100,1
USER00008283,1,1,100,1
USER00008793,1,1,100,1
USER00001345,1,1,100,1
USER00001744,1,1,100,1
USER00000612,1,1,100,1
USER00006598,1,1,100,1
USER00001360,1,1,100,1
USER00005002,1,1,100,1
USER00007000,1,1,100,1
USER00003688,1,1,100,1
USER00004449,1,1,100,1
USER00008964,1,1,100,1
USER00000134,1,1,100,1
USER00004521,1,1,100,1
USER00001330,1,1,100,1
USER00004001,1,1,100,1
USER00005853,1,1,100,1
USER00005943,1,1,100,1
USER00000112,1,1,100,1
USER00003405,1,1,100,1
USER00006637,1,1,100,1
USER00001286,1,1,100,1
USER00007690,1,1,100,1
USER00002382,1,1,100,1
USER00001910,1,1,100,1
USER00004884,1,1,100,1
USER00004981,1,1,100,1
USER00001990,1,1,100,1
USER00008873,1,1,100,1
USER00009949,1,1,100,1
USER00008432,1,1,100,1
USER00008119,1,1,100,1
USER00008168,1,1,100,1
USER00009784,1,1,100,1
USER00005979,1,1,100,1
USER00003879,1,1,100,1
USER00005684,1,1,100,1
USER00001125,1,1,100,1
USER00005187,1,1,100,1
USER00003039,1,1,100,1
USER00002002,1,1,100,1
USER00005660,1,1,100,1
USER00002386,1,1,100,1
USER00002437,1,1,100,1
USER00005486,1,1,100,1
USER00005724,1,1,100,1
USER00004504,1,1,100,1
USER00004017,1,1,100,1
USER00001843,1,1,100,1
USER00003731,1,1,100,1
USER00003544,1,1,100,1
USER00007050,1,1,100,1
USER00009600,1,1,100,1
USER00008348,1,1,100,1
USER00009821,1,1,100,1
USER00008209,1,1,100,1
USER00009728,1,1,100,1
USER00009752,1,1,100,1
USER00000274,1,1,100,1
USER00003927,1,1,100,1
USER00002846,1,1,100,1
USER00005827,1,1,100,1
USER00001994,1,1,100,1
USER00002746,1,1,100,1
USER00001255,1,1,100,1
USER00004451,1,1,100,1
USER00007747,1,1,100,1
USER00001940,1,1,100,1
USER00004316,1,1,100,1
USER00003216,1,1,100,1
USER00007221,1,1,100,1
USER00003289,1,1,100,1
USER00003778,1,1,100,1
USER00001807,1,1,100,1
USER00001451,1,1,100,1
USER00006408,1,1,100,1
USER00003224,1,1,100,1
USER00006025,1,1,100,1
USER00006444,1,1,100,1
USER00003648,1,1,100,1
USER00006643,1,1,100,1
USER00004958,1,1,100,1
USER00003087,1,1,100,1
USER00005743,1,1,100,1
USER00002139,1,1,100,1
USER00001700,1,1,100,1
USER00000812,1,1,100,1
USER00009023,1,1,100,1
USER00009492,1,1,100,1
USER00009221,1,1,100,1
USER00003286,1,1,100,1
USER00000723,1,1,100,1
USER00003600,1,1,100,1
USER00004146,1,1,100,1
USER00000710,1,1,100,1
USER00000557,1,1,100,1
USER00004800,1,1,100,1
USER00002030,1,1,100,1
USER00006258,1,1,100,1
USER00005357,1,1,100,1
USER00000221,1,1,100,1
USER00004619,1,1,100,1
USER00007033,1,1,100,1
USER00002673,1,1,100,1
USER00006185,1,1,100,1
USER00002344,1,1,100,1
USER00003588,1,1,100,1
USER00007732,1,1,100,1
USER00006815,1,1,100,1
USER00003643,1,1,100,1
USER00000310,1,1,100,1
USER00002841,1,1,100,1
USER00005035,1,1,100,1
USER00003489,1,1,100,1
USER00007342,1,1,100,1
USER00002234,1,1,100,1
USER00007963,1,1,100,1
USER00009123,1,1,100,1
USER00008892,1,1,100,1
USER00008767,1,1,100,1
USER00009026,1,1,100,1
USER00008075,1,1,100,1
USER00004390,1,1,100,1
USER00001941,1,1,100,1
USER00003815,1,1,100,1
USER00006374,1,1,100,1
USER00003494,1,1,100,1
USER00005229,1,1,100,1
USER00003580,1,1,100,1
USER00005115,1,1,100,1
USER00005716,1,1,100,1
USER00003099,1,1,100,1
USER00007528,1,1,100,1
USER00007333,1,1,100,1
USER00007291,1,1,100,1
USER00005045,1,1,100,1
USER00001519,1,1,100,1
USER00003902,1,1,100,1
USER00008042,1,1,100,1
USER00009110,1,1,100,1
USER00008548,1,1,100,1
USER00008919,1,1,100,1
USER00009899,1,1,100,1
USER00008421,1,1,100,1
USER00007936,1,1,100,1
USER00008803,1,1,100,1
USER00009883,1,1,100,1
USER00007174,1,1,100,1
USER00006221,1,1,100,1
USER00005188,1,1,100,1
USER00003026,1,1,100,1
USER00006748,1,1,100,1
USER00006248,1,1,100,1
USER00001265,1,1,100,1
USER00001697,1,1,100,1
USER00002232,1,1,100,1
USER00006953,1,1,100,1
USER00005758,1,1,100,1
USER00006626,1,1,100,1
USER00004277,1,1,100,1
USER00007777,1,1,100,1
USER00004378,1,1,100,1
USER00004539,1,1,100,1
USER00000386,1,1,100,1
USER00004972,1,1,100,1
USER00008570,1,1,100,1
USER00009000,1,1,100,1
USER00009450,1,1,100,1
USER00009219,1,1,100,1
USER00007854,1,1,100,1
USER00000749,1,1,100,1
USER00000224,1,1,100,1
USER00003541,1,1,100,1
USER00000895,1,1,100,1
USER00002008,1,1,100,1
USER00001921,1,1,100,1
USER00004260,1,1,100,1
USER00003201,1,1,100,1
USER00002466,1,1,100,1
USER00006745,1,1,100,1
USER00001123,1,1,100,1
USER00000674,1,1,100,1
USER00007376,1,1,100,1
USER00001111,1,1,100,1
USER00000792,1,1,100,1
USER00007682,1,1,100,1
USER00001343,1,1,100,1
USER00005519,1,1,100,1
USER00008740,1,1,100,1
USER00008598,1,1,100,1
USER00008975,1,1,100,1
USER00003171,1,1,100,1
USER00004345,1,1,100,1
USER00006779,1,1,100,1
USER00006941,1,1,100,1
USER00006384,1,1,100,1
USER00006561,1,1,100,1
USER00001138,1,1,100,1
USER00005336,1,1,100,1
USER00000372,1,1,100,1
USER00006423,1,1,100,1
USER00006578,1,1,100,1
USER00002965,1,1,100,1
USER00002633,1,1,100,1
USER00001704,1,1,100,1
USER00001077,1,1,100,1
USER00003895,1,1,100,1
USER00003090,1,1,100,1
USER00004307,1,1,100,1
USER00000836,1,1,100,1
USER00009709,1,1,100,1
USER00008815,1,1,100,1
USER00008208,1,1,100,1
USER00009834,1,1,100,1
USER00007970,1,1,100,1
USER00007739,1,1,100,1
USER00004799,1,1,100,1
USER00004703,1,1,100,1
USER00005301,1,1,100,1
USER00001259,1,1,100,1
USER00005645,1,1,100,1
USER00005078,1,1,100,1
USER00005112,1,1,100,1
USER00000023,1,1,100,1
USER00002122,1,1,100,1
USER00004876,1,1,100,1
USER00003116,1,1,100,1
USER00002068,1,1,100,1
USER00005838,1,1,100,1
USER00002196,1,1,100,1
USER00000421,1,1,100,1
USER00006617,1,1,100,1
USER00002500,1,1,100,1
USER00009654,1,1,100,1
USER00008377,1,1,100,1
USER00008182,1,1,100,1
USER00009454,1,1,100,1
USER00009458,1,1,100,1
USER00008146,1,1,100,1
USER00009804,1,1,100,1
USER00008122,1,1,100,1
USER00008306,1,1,100,1
USER00008728,1,1,100,1
USER00000743,1,1,100,1
USER00001621,1,1,100,1
USER00006962,1,1,100,1
USER00000474,1,1,100,1
USER00004220,1,1,100,1
USER00006265,1,1,100,1
USER00001092,1,1,100,1
USER00007822,1,1,100,1
USER00006267,1,1,100,1
USER00000405,1,1,100,1
USER00000862,1,1,100,1
USER00005742,1,1,100,1
USER00005337,1,1,100,1
USER00006799,1,1,100,1
USER00001335,1,1,100,1
USER00007037,1,1,100,1
USER00004201,1,1,100,1
USER00004230,1,1,100,1
USER00002504,1,1,100,1
USER00005755,1,1,100,1
USER00007266,1,1,100,1
USER00007708,1,1,100,1
USER00000018,1,1,100,1
USER00005937,1,1,100,1
USER00003246,1,1,100,1
USER00001325,1,1,100,1
USER00008237,1,1,100,1
USER00009662,1,1,100,1
USER00009943,1,1,100,1
USER00009190,1,1,100,1
USER00003455,1,1,100,1
USER00007063,1,1,100,1
USER00006036,1,1,100,1
USER00001377,1,1,100,1
USER00000584,1,1,100,1
USER00000625,1,1,100,1
USER00002566,1,1,100,1
USER00000932,1,1,100,1
USER00006430,1,1,100,1
USER00002124,1,1,100,1
USER00002274,1,1,100,1
USER00005150,1,1,100,1
USER00005233,1,1,100,1
USER00005901,1,1,100,1
USER00002731,1,1,100,1
USER00003938,1,1,100,1
USER00001975,1,1,100,1
USER00006429,1,1,100,1
USER00003975,1,1,100,1
USER00005714,1,1,100,1
USER00007901,1,1,100,1
USER00009398,1,1,100,1
USER00008012,1,1,100,1
USER00008947,1,1,100,1
USER00009910,1,1,100,1
USER00008955,1,1,100,1
USER00008180,1,1,100,1
USER00009274,1,1,100,1
USER00008448,1,1,100,1
USER00003924,1,1,100,1
USER00004280,1,1,100,1
USER00004102,1,1,100,1
USER00006279,1,1,100,1
USER00001379,1,1,100,1
USER00001183,1,1,100,1
USER00001117,1,1,100,1
USER00001059,1,1,100,1
USER00005252,1,1,100,1
USER00001732,1,1,100,1
USER00007233,1,1,100,1
USER00004687,1,1,100,1
USER00001953,1,1,100,1
USER00001691,1,1,100,1
USER00002091,1,1,100,1
USER00008219,1,1,100,1
USER00008218,1,1,100,1
USER00008848,1,1,100,1
USER00009187,1,1,100,1
USER00008013,1,1,100,1
USER00008798,1,1,100,1
USER00001072,1,1,100,1
USER00004213,1,1,100,1
USER00000938,1,1,100,1
USER00006702,1,1,100,1
USER00006514,1,1,100,1
USER00000307,1,1,100,1
USER00000492,1,1,100,1
USER00007719,1,1,100,1
USER00000570,1,1,100,1
USER00006910,1,1,100,1
USER00000825,1,1,100,1
USER00000083,1,1,100,1
USER00001352,1,1,100,1
USER00002313,1,1,100,1
USER00007301,1,1,100,1
USER00005327,1,1,100,1
USER00002440,1,1,100,1
USER00005904,1,1,100,1
USER00000775,1,1,100,1
USER00005186,1,1,100,1
USER00001294,1,1,100,1
USER00001767,1,1,100,1
USER00009027,1,1,100,1
USER00008549,1,1,100,1
USER00008185,1,1,100,1
USER00009282,1,1,100,1
USER00008317,1,1,100,1
USER00008851,1,1,100,1
USER00009603,1,1,100,1
USER00001479,1,1,100,1
USER00003772,1,1,100,1
USER00000153,1,1,100,1
USER00006216,1,1,100,1
USER00005636,1,1,100,1
USER00006058,1,1,100,1
USER00000136,1,1,100,1
USER00006911,1,1,100,1
USER00000632,1,1,100,1
USER00001238,1,1,100,1
USER00007536,1,1,100,1
USER00006123,1,1,100,1
USER00000518,1,1,100,1
USER00002662,1,1,100,1
USER00001569,1,1,100,1
USER00004363,1,1,100,1
USER00004482,1,1,100,1
USER00001181,1,1,100,1
USER00001112,1,1,100,1
USER00006297,1,1,100,1
USER00001811,1,1,100,1
USER00001919,1,1,100,1
USER00007795,1,1,100,1
USER00002919,1,1,100,1
USER00005997,1,1,100,1
USER00007889,1,1,100,1
USER00003130,1,1,100,1
USER00008294,1,1,100,1
USER00008225,1,1,100,1
USER00009390,1,1,100,1
USER00009907,1,1,100,1
USER00008510,1,1,100,1
USER00008026,1,1,100,1
USER00009563,1,1,100,1
USER00003585,1,1,100,1
USER00006926,1,1,100,1
USER00007560,1,1,100,1
USER00002907,1,1,100,1
USER00006864,1,1,100,1
USER00003205,1,1,100,1
USER00000568,1,1,100,1
USER00004135,1,1,100,1
USER00007537,1,1,100,1
USER00007502,1,1,100,1
USER00000664,1,1,100,1
USER00005101,1,1,100,1
USER00007678,1,1,100,1
USER00002105,1,1,100,1
USER00001642,1,1,100,1
USER00008147,1,1,100,1
USER00009992,1,1,100,1
USER00008393,1,1,100,1
USER00005592,1,1,100,1
USER00004571,1,1,100,1
USER00007476,1,1,100,1
USER00000431,1,1,100,1
USER00005413,1,1,100,1
USER00003016,1,1,100,1
USER00007105,1,1,100,1
USER00005589,1,1,100,1
USER00001504,1,1,100,1
USER00001592,1,1,100,1
USER00005484,1,1,100,1
USER00005165,1,1,100,1
USER00007726,1,1,100,1
USER00003868,1,1,100,1
USER00000298,1,1,100,1
USER00003708,1,1,100,1
USER00000621,1,1,100,1
USER00001248,1,1,100,1
USER00006908,1,1,100,1
USER00004084,1,1,100,1
USER00002145,1,1,100,1
USER00003335,1,1,100,1
USER00005738,1,1,100,1
USER00008148,1,1,100,1
USER00009551,1,1,100,1
USER00008056,1,1,100,1
USER00006932,1,1,100,1
USER00006807,1,1,100,1
USER00003176,1,1,100,1
USER00006851,1,1,100,1
USER00005996,1,1,100,1
USER00007371,1,1,100,1
USER00006181,1,1,100,1
USER00003713,1,1,100,1
USER00004880,1,1,100,1
USER00006905,1,1,100,1
USER00000976,1,1,100,1
USER00006226,1,1,100,1
USER00003211,1,1,100,1
USER00004319,1,1,100,1
USER00005464,1,1,100,1
USER00000164,1,1,100,1
USER00008720,1,1,100,1
USER00009101,1,1,100,1
USER00009494,1,1,100,1
USER00009766,1,1,100,1
USER00009133,1,1,100,1
USER00009316,1,1,100,1
USER00008113,1,1,100,1
USER00006793,1,1,100,1
USER00005403,1,1,100,1
USER00005118,1,1,100,1
USER00004631,1,1,100,1
USER00007581,1,1,100,1
USER00003141,1,1,100,1
USER00005105,1,1,100,1
USER00002155,1,1,100,1
USER00006173,1,1,100,1
USER00002378,1,1,100,1
USER00005014,1,1,100,1
USER00004124,1,1,100,1
USER00001291,1,1,100,1
USER00007562,1,1,100,1
USER00001208,1,1,100,1
USER00004436,1,1,100,1
USER00005079,1,1,100,1
USER00004818,1,1,100,1
USER00000480,1,1,100,1
USER00005900,1,1,100,1
USER00004656,1,1,100,1
USER00009380,1,1,100,1
USER00008259,1,1,100,1
USER00008287,1,1,100,1
USER00008030,1,1,100,1
USER00007998,1,1,100,1
USER00008415,1,1,100,1
USER00009319,1,1,100,1
USER00003385,1,1,100,1
USER00000846,1,1,100,1
USER00000318,1,1,100,1
USER00009464,1,1,100,1
USER00009689,1,1,100,1
USER00000196,1,1,100,1
USER00000585,1,1,100,1
USER00004279,1,1,100,1
USER00004179,1,1,100,1
USER00001576,1,1,100,1
USER00000583,1,1,100,1
USER00001250,1,1,100,1
USER00006695,1,1,100,1
USER00006956,1,1,100,1
USER00006330,1,1,100,1
USER00004977,1,1,100,1
USER00003164,1,1,100,1
USER00000183,1,1,100,1
USER00003739,1,1,100,1
USER00004455,1,1,100,1
USER00004965,1,1,100,1
USER00007432,1,1,100,1
USER00001557,1,1,100,1
USER00002850,1,1,100,1
USER00007953,1,1,100,1
USER00008380,1,1,100,1
USER00008558,1,1,100,1
USER00008680,1,1,100,1
USER00002639,1,1,100,1
USER00000186,1,1,100,1
USER00005263,1,1,100,1
USER00005602,1,1,100,1
USER00000771,1,1,100,1
USER00001366,1,1,100,1
USER00006692,1,1,100,1
USER00003452,1,1,100,1
USER00007513,1,1,100,1
USER00004546,1,1,100,1
USER00000890,1,1,100,1
USER00000829,1,1,100,1
USER00006260,1,1,100,1
USER00006061,1,1,100,1
USER00006255,1,1,100,1
USER00004933,1,1,100,1
USER00007030,1,1,100,1
USER00007600,1,1,100,1
USER00008706,1,1,100,1
USER00009649,1,1,100,1
USER00009743,1,1,100,1
USER00009127,1,1,100,1
USER00008016,1,1,100,1
USER00009622,1,1,100,1
USER00004575,1,1,100,1
USER00006657,1,1,100,1
USER00003055,1,1,100,1
USER00006694,1,1,100,1
USER00007484,1,1,100,1
USER00005214,1,1,100,1
USER00003768,1,1,100,1
USER00007711,1,1,100,1
USER00005362,1,1,100,1
USER00005840,1,1,100,1
USER00004495,1,1,100,1
USER00004333,1,1,100,1
USER00005580,1,1,100,1
USER00002290,1,1,100,1
USER00005273,1,1,100,1
USER00001665,1,1,100,1
USER00004068,1,1,100,1
USER00003849,1,1,100,1
USER00002411,1,1,100,1
USER00003373,1,1,100,1
USER00002125,1,1,100,1
USER00004532,1,1,100,1
USER00002720,1,1,100,1
USER00006506,1,1,100,1
USER00003706,1,1,100,1
USER00000277,1,1,100,1
USER00005114,1,1,100,1
USER00009365,1,1,100,1
USER00008334,1,1,100,1
USER00008942,1,1,100,1
USER00009714,1,1,100,1
USER00007977,1,1,100,1
USER00008633,1,1,100,1
USER00008986,1,1,100,1
USER00009827,1,1,100,1
USER00009217,1,1,100,1
USER00008788,1,1,100,1
USER00003168,1,1,100,1
USER00006862,1,1,100,1
USER00004610,1,1,100,1
USER00005599,1,1,100,1
USER00002212,1,1,100,1
USER00005076,1,1,100,1
USER00002680,1,1,100,1
USER00000946,1,1,100,1
USER00006912,1,1,100,1
USER00002748,1,1,100,1
USER00006586,1,1,100,1
USER00003426,1,1,100,1
USER00003109,1,1,100,1
USER00004021,1,1,100,1
USER00005424,1,1,100,1
USER00002757,1,1,100,1
USER00005851,1,1,100,1
USER00008407,1,1,100,1
USER00009956,1,1,100,1
USER00007960,1,1,100,1
USER00009568,1,1,100,1
USER00008550,1,1,100,1
USER00009087,1,1,100,1
USER00009828,1,1,100,1
USER00007423,1,1,100,1
USER00003534,1,1,100,1
USER00006120,1,1,100,1
USER00001801,1,1,100,1
USER00003992,1,1,100,1
USER00007114,1,1,100,1
USER00004590,1,1,100,1
USER00002299,1,1,100,1
USER00005670,1,1,100,1
USER00000654,1,1,100,1
USER00004370,1,1,100,1
USER00000135,1,1,100,1
USER00007705,1,1,100,1
USER00003627,1,1,100,1
USER00001324,1,1,100,1
USER00006737,1,1,100,1
USER00000843,1,1,100,1
USER00000508,1,1,100,1
USER00004139,1,1,100,1
USER00007336,1,1,100,1
USER00001460,1,1,100,1
USER00008624,1,1,100,1
USER00009858,1,1,100,1
USER00009955,1,1,100,1
USER00002550,1,1,100,1
USER00007516,1,1,100,1
USER00001056,1,1,100,1
USER00000806,1,1,100,1
USER00002069,1,1,100,1
USER00000745,1,1,100,1
USER00003807,1,1,100,1
USER00007198,1,1,100,1
USER00001356,1,1,100,1
USER00001517,1,1,100,1
USER00003846,1,1,100,1
USER00001571,1,1,100,1
USER00006575,1,1,100,1
USER00004004,1,1,100,1
USER00006691,1,1,100,1
USER00001645,1,1,100,1
USER00000220,1,1,100,1
USER00001103,1,1,100,1
USER00001403,1,1,100,1
USER00004197,1,1,100,1
USER00003780,1,1,100,1
USER00000175,1,1,100,1
USER00007526,1,1,100,1
USER00002606,1,1,100,1
USER00006363,1,1,100,1
USER00000097,1,1,100,1
USER00004339,1,1,100,1
USER00002342,1,1,100,1
USER00003878,1,1,100,1
USER00002358,1,1,100,1
USER00001383,1,1,100,1
USER00000000,1,1,100,1
USER00005813,1,1,100,1
USER00001759,1,1,100,1
USER00006473,1,1,100,1
USER00003531,1,1,100,1
USER00004477,1,1,100,1
USER00000588,1,1,100,1
USER00009343,1,1,100,1
USER00008936,1,1,100,1
USER00009546,1,1,100,1
USER00009740,1,1,100,1
USER00007989,1,1,100,1
USER00008477,1,1,100,1
USER00009495,1,1,100,1
USER00000670,1,1,100,1
USER00007101,1,1,100,1
USER00004349,1,1,100,1
USER00006022,1,1,100,1
USER00007184,1,1,100,1
USER00003677,1,1,100,1
USER00001009,1,1,100,1
USER00007759,1,1,100,1
USER00004632,1,1,100,1
USER00005458,1,1,100,1
USER00001015,1,1,100,1
USER00006680,1,1,100,1
USER00006757,1,1,100,1
USER00004303,1,1,100,1
USER00000827,1,1,100,1
USER00000924,1,1,100,1
USER00004528,1,1,100,1
USER00004835,1,1,100,1
USER00002737,1,1,100,1
USER00006142,1,1,100,1
USER00006821,1,1,100,1
USER00000579,1,1,100,1
USER00000741,1,1,100,1
USER00007715,1,1,100,1
USER00007014,1,1,100,1
USER00008418,1,1,100,1
USER00009419,1,1,100,1
USER00009703,1,1,100,1
USER00008783,1,1,100,1
USER00009937,1,1,100,1
USER00009182,1,1,100,1
USER00008506,1,1,100,1
USER00009772,1,1,100,1
USER00008384,1,1,100,1
USER00001854,1,1,100,1
USER00004162,1,1,100,1
USER00001869,1,1,100,1
USER00003872,1,1,100,1
USER00005195,1,1,100,1
USER00006294,1,1,100,1
USER00004673,1,1,100,1
USER00004530,1,1,100,1
USER00007849,1,1,100,1
USER00001357,1,1,100,1
USER00006819,1,1,100,1
USER00006097,1,1,100,1
USER00005572,1,1,100,1
USER00002698,1,1,100,1
USER00000530,1,1,100,1
USER00000430,1,1,100,1
USER00003776,1,1,100,1
USER00008212,1,1,100,1
USER00008141,1,1,100,1
USER00009604,1,1,100,1
USER00005185,1,1,100,1
USER00002048,1,1,100,1
USER00005780,1,1,100,1
USER00007042,1,1,100,1
USER00009262,1,1,100,1
USER00009529,1,1,100,1
USER00008086,1,1,100,1
USER00003965,1,1,100,1
USER00005072,1,1,100,1
USER00005733,1,1,100,1
USER00002524,1,1,100,1
USER00003642,1,1,100,1
USER00003117,1,1,100,1
USER00007335,1,1,100,1
USER00001347,1,1,100,1
USER00001693,1,1,100,1
USER00004801,1,1,100,1
USER00007878,1,1,100,1
USER00005728,1,1,100,1
USER00001093,1,1,100,1
USER00006577,1,1,100,1
USER00001888,1,1,100,1
USER00006285,1,1,100,1
USER00001775,1,1,100,1
USER00006645,1,1,100,1
USER00001616,1,1,100,1
USER00002078,1,1,100,1
USER00002070,1,1,100,1
USER00008198,1,1,100,1
USER00008205,1,1,100,1
USER00008179,1,1,100,1
USER00008946,1,1,100,1
USER00006150,1,1,100,1
USER00004908,1,1,100,1
USER00002963,1,1,100,1
USER00004887,1,1,100,1
USER00003840,1,1,100,1
USER00002740,1,1,100,1
USER00006667,1,1,100,1
USER00003091,1,1,100,1
USER00002624,1,1,100,1
USER00006043,1,1,100,1
USER00000753,1,1,100,1
USER00006225,1,1,100,1
USER00000214,1,1,100,1
USER00005485,1,1,100,1
USER00000497,1,1,100,1
USER00000958,1,1,100,1
USER00001675,1,1,100,1
USER00002314,1,1,100,1
USER00004917,1,1,100,1
USER00009891,1,1,100,1
USER00008369,1,1,100,1
USER00009782,1,1,100,1
USER00008663,1,1,100,1
USER00008776,1,1,100,1
USER00009807,1,1,100,1
USER00001418,1,1,100,1
USER00004874,1,1,100,1
USER00006546,1,1,100,1
USER00003750,1,1,100,1
USER00000320,1,1,100,1
USER00000789,1,1,100,1
USER00005777,1,1,100,1
USER00006420,1,1,100,1
USER00003464,1,1,100,1
USER00007827,1,1,100,1
USER00007566,1,1,100,1
USER00006413,1,1,100,1
USER00002310,1,1,100,1
USER00001847,1,1,100,1
USER00006726,1,1,100,1
USER00003478,1,1,100,1
USER00001547,1,1,100,1
USER00002528,1,1,100,1
USER00009179,1,1,100,1
USER00008299,1,1,100,1
USER00009999,1,1,100,1
USER00009479,1,1,100,1
USER00008498,1,1,100,1
USER00004038,1,1,100,1
USER00001799,1,1,100,1
USER00000167,1,1,100,1
USER00006540,1,1,100,1
USER00009617,1,1,100,1
USER00007907,1,1,100,1
USER00009547,1,1,100,1
USER00009524,1,1,100,1
USER00009618,1,1,100,1
USER00008845,1,1,100,1
USER00001624,1,1,100,1
USER00007840,1,1,100,1
USER00000428,1,1,100,1
USER00007094,1,1,100,1
USER00007164,1,1,100,1
USER00004609,1,1,100,1
USER00002129,1,1,100,1
USER00003199,1,1,100,1
USER00007086,1,1,100,1
USER00003607,1,1,100,1
USER00000913,1,1,100,1
USER00006139,1,1,100,1
USER00000837,1,1,100,1
USER00002513,1,1,100,1
USER00000999,1,1,100,1
USER00005570,1,1,100,1
USER00007717,1,1,100,1
USER00008276,1,1,100,1
USER00009131,1,1,100,1
USER00009018,1,1,100,1
USER00007956,1,1,100,1
USER00009626,1,1,100,1
USER00008282,1,1,100,1
USER00009867,1,1,100,1
USER00004116,1,1,100,1
USER00000279,1,1,100,1
USER00002349,1,1,100,1
USER00007582,1,1,100,1
USER00001497,1,1,100,1
USER00004615,1,1,100,1
USER00002546,1,1,100,1
USER00005238,1,1,100,1
USER00005326,1,1,100,1
USER00000826,1,1,100,1
USER00003705,1,1,100,1
USER00005605,1,1,100,1
USER00000779,1,1,100,1
USER00008678,1,1,100,1
USER00008360,1,1,100,1
USER00008755,1,1,100,1
USER00009602,1,1,100,1
USER00009980,1,1,100,1
USER00000599,1,1,100,1
USER00003804,1,1,100,1
USER00007154,1,1,100,1
USER00005648,1,1,100,1
USER00003161,1,1,100,1
USER00003346,1,1,100,1
USER00007397,1,1,100,1
USER00006505,1,1,100,1
USER00006630,1,1,100,1
USER00006275,1,1,100,1
USER00000043,1,1,100,1
USER00006448,1,1,100,1
USER00003863,1,1,100,1
USER00001045,1,1,100,1
USER00002941,1,1,100,1
USER00004938,1,1,100,1
USER00004585,1,1,100,1
USER00005655,1,1,100,1
USER00006619,1,1,100,1
USER00006333,1,1,100,1
USER00003555,1,1,100,1
USER00007446,1,1,100,1
USER00006754,1,1,100,1
USER00005052,1,1,100,1
USER00009152,1,1,100,1
USER00009526,1,1,100,1
USER00008733,1,1,100,1
USER00008401,1,1,100,1
USER00000840,1,1,100,1
USER00001390,1,1,100,1
USER00001959,1,1,100,1
USER00006308,1,1,100,1
USER00000106,1,1,100,1
USER00002489,1,1,100,1
USER00006940,1,1,100,1
USER00002761,1,1,100,1
USER00001864,1,1,100,1
USER00003380,1,1,100,1
USER00000465,1,1,100,1
USER00009003,1,1,100,1
USER00008583,1,1,100,1
USER00008397,1,1,100,1
USER00003822,1,1,100,1
USER00002377,1,1,100,1
USER00002444,1,1,100,1
USER00002104,1,1,100,1
USER00000301,1,1,100,1
USER00006360,1,1,100,1
USER00005442,1,1,100,1
USER00001528,1,1,100,1
USER00005512,1,1,100,1
USER00007448,1,1,100,1
USER00001539,1,1,100,1
USER00005852,1,1,100,1
USER00007151,1,1,100,1
USER00001404,1,1,100,1
USER00004406,1,1,100,1
USER00006677,1,1,100,1
USER00003303,1,1,100,1
USER00002854,1,1,100,1
USER00005750,1,1,100,1
USER00005352,1,1,100,1
USER00000289,1,1,100,1
USER00005177,1,1,100,1
USER00009489,1,1,100,1
USER00008635,1,1,100,1
USER00009700,1,1,100,1
USER00009406,1,1,100,1
USER00008265,1,1,100,1
USER00008437,1,1,100,1
USER00000626,1,1,100,1
USER00005507,1,1,100,1
USER00001287,1,1,100,1
USER00006871,1,1,100,1
USER00004963,1,1,100,1
USER00000781,1,1,100,1
USER00001230,1,1,100,1
USER00005719,1,1,100,1
USER00000945,1,1,100,1
USER00004384,1,1,100,1
USER00004122,1,1,100,1
USER00002810,1,1,100,1
USER00004816,1,1,100,1
USER00000910,1,1,100,1
USER00003918,1,1,100,1
USER00002267,1,1,100,1
USER00004214,1,1,100,1
USER00000219,1,1,100,1
USER00009329,1,1,100,1
USER00009388,1,1,100,1
USER00008255,1,1,100,1
USER00006729,1,1,100,1
USER00007554,1,1,100,1
USER00005287,1,1,100,1
USER00000992,1,1,100,1
USER00003767,1,1,100,1
USER00002071,1,1,100,1
USER00003149,1,1,100,1
USER00003152,1,1,100,1
USER00002549,1,1,100,1
USER00002916,1,1,100,1
USER00002150,1,1,100,1
USER00003974,1,1,100,1
USER00001889,1,1,100,1
USER00005267,1,1,100,1
USER00003651,1,1,100,1
USER00003892,1,1,100,1
USER00005534,1,1,100,1
USER00001113,1,1,100,1
USER00001967,1,1,100,1
USER00002119,1,1,100,1
USER00003160,1,1,100,1
USER00000835,1,1,100,1
USER00006056,1,1,100,1
USER00006798,1,1,100,1
USER00001303,1,1,100,1
USER00009855,1,1,100,1
USER00009556,1,1,100,1
USER00008351,1,1,100,1
USER00008235,1,1,100,1
USER00008913,1,1,100,1
USER00009347,1,1,100,1
USER00007213,1,1,100,1
USER00002037,1,1,100,1
USER00003081,1,1,100,1
USER00001463,1,1,100,1
USER00001911,1,1,100,1
USER00004649,1,1,100,1
USER00006573,1,1,100,1
USER00003954,1,1,100,1
USER00001526,1,1,100,1
USER00000172,1,1,100,1
USER00007195,1,1,100,1
USER00005989,1,1,100,1
USER00000407,1,1,100,1
USER00000182,1,1,100,1
USER00004305,1,1,100,1
USER00005737,1,1,100,1
USER00008215,1,1,100,1
USER00009958,1,1,100,1
USER00009086,1,1,100,1
USER00009968,1,1,100,1
USER00007617,1,1,100,1
USER00000808,1,1,100,1
USER00001102,1,1,100,1
USER00006995,1,1,100,1
USER00000615,1,1,100,1
USER00004329,1,1,100,1
USER00003488,1,1,100,1
USER00003082,1,1,100,1
USER00001643,1,1,100,1
USER00007547,1,1,100,1
USER00006131,1,1,100,1
USER00005381,1,1,100,1
USER00007396,1,1,100,1
USER00000800,1,1,100,1
USER00004796,1,1,100,1
USER00002738,1,1,100,1
USER00003030,1,1,100,1
USER00005184,1,1,100,1
USER00008592,1,1,100,1
USER00009639,1,1,100,1
USER00009344,1,1,100,1
USER00008150,1,1,100,1
USER00008499,1,1,100,1
USER00009657,1,1,100,1
USER00009073,1,1,100,1
USER00008689,1,1,100,1
USER00006732,1,1,100,1
USER00005190,1,1,100,1
USER00001637,1,1,100,1
USER00005131,1,1,100,1
USER00003073,1,1,100,1
USER00002168,1,1,100,1
USER00002545,1,1,100,1
USER00003890,1,1,100,1
USER00007707,1,1,100,1
USER00007643,1,1,100,1
USER00005622,1,1,100,1
USER00007429,1,1,100,1
USER00006943,1,1,100,1
USER00001199,1,1,100,1
USER00005773,1,1,100,1
USER00005634,1,1,100,1
USER00004661,1,1,100,1
USER00005991,1,1,100,1
USER00003048,1,1,100,1
USER00000845,1,1,100,1
USER00002785,1,1,100,1
USER00005323,1,1,100,1
USER00000282,1,1,100,1
USER00002288,1,1,100,1
USER00006655,1,1,100,1
USER00002675,1,1,100,1
USER00000601,1,1,100,1
USER00003365,1,1,100,1
USER00003263,1,1,100,1
USER00002985,1,1,100,1
USER00002694,1,1,100,1
USER00007433,1,1,100,1
USER00000445,1,1,100,1
USER00008298,1,1,100,1
USER00007925,1,1,100,1
USER00008014,1,1,100,1
USER00009745,1,1,100,1
USER00009597,1,1,100,1
USER00008376,1,1,100,1
USER00008694,1,1,100,1
USER00007251,1,1,100,1
USER00002051,1,1,100,1
USER00005129,1,1,100,1
USER00000954,1,1,100,1
USER00005257,1,1,100,1
USER00002920,1,1,100,1
USER00005436,1,1,100,1
USER00001720,1,1,100,1
USER00004066,1,1,100,1
USER00004935,1,1,100,1
USER00007591,1,1,100,1
USER00001513,1,1,100,1
USER00002952,1,1,100,1
USER00001844,1,1,100,1
USER00002886,1,1,100,1
USER00002121,1,1,100,1
USER00003602,1,1,100,1
USER00001491,1,1,100,1
USER00006700,1,1,100,1
USER00007169,1,1,100,1
USER00000335,1,1,100,1
USER00009370,1,1,100,1
USER00009386,1,1,100,1
USER00008730,1,1,100,1
USER00009354,1,1,100,1
USER00001527,1,1,100,1
USER00006986,1,1,100,1
USER00002464,1,1,100,1
USER00001128,1,1,100,1
USER00005973,1,1,100,1
USER00005539,1,1,100,1
USER00001363,1,1,100,1
USER00002931,1,1,100,1
USER00006538,1,1,100,1
USER00001558,1,1,100,1
USER00004299,1,1,100,1
USER00007661,1,1,100,1
USER00002438,1,1,100,1
USER00005315,1,1,100,1
USER00004664,1,1,100,1
USER00006817,1,1,100,1
USER00003328,1,1,100,1
USER00005094,1,1,100,1
USER00003441,1,1,100,1
USER00006411,1,1,100,1
USER00004016,1,1,100,1
USER00000634,1,1,100,1
USER00004843,1,1,100,1
USER00002898,1,1,100,1
USER00001817,1,1,100,1
USER00009389,1,1,100,1
USER00008080,1,1,100,1
USER00008769,1,1,100,1
USER00001821,1,1,100,1
USER00001207,1,1,100,1
USER00006463,1,1,100,1
USER00004602,1,1,100,1
USER00007567,1,1,100,1
USER00007143,1,1,100,1
USER00009496,1,1,100,1
USER00009573,1,1,100,1
USER00008460,1,1,100,1
USER00002658,1,1,100,1
USER00002035,1,1,100,1
USER00005593,1,1,100,1
USER00000949,1,1,100,1
USER00000336,1,1,100,1
USER00003057,1,1,100,1
USER00004644,1,1,100,1
USER00004520,1,1,100,1
USER00000575,1,1,100,1
USER00003765,1,1,100,1
USER00005987,1,1,100,1
USER00005374,1,1,100,1
USER00003809,1,1,100,1
USER00003620,1,1,100,1
USER00000266,1,1,100,1
USER00003774,1,1,100,1
USER00000766,1,1,100,1
USER00008508,1,1,100,1
USER00008784,1,1,100,1
USER00008774,1,1,100,1
USER00004513,1,1,100,1
USER00002162,1,1,100,1
USER00006835,1,1,100,1
USER00007798,1,1,100,1
USER00006867,1,1,100,1
USER00006251,1,1,100,1
USER00005569,1,1,100,1
USER00004942,1,1,100,1
USER00006449,1,1,100,1
USER00000972,1,1,100,1
USER00006895,1,1,100,1
USER00003285,1,1,100,1
USER00003051,1,1,100,1
USER00003012,1,1,100,1
USER00001180,1,1,100,1
USER00004809,1,1,100,1
USER00003226,1,1,100,1
USER00009183,1,1,100,1
USER00008938,1,1,100,1
USER00008370,1,1,100,1
USER00008260,1,1,100,1
USER00008373,1,1,100,1
USER00008672,1,1,100,1
USER00009011,1,1,100,1
USER00001588,1,1,100,1
USER00001305,1,1,100,1
USER00000418,1,1,100,1
USER00005865,1,1,100,1
USER00005623,1,1,100,1
USER00003973,1,1,100,1
USER00005718,1,1,100,1
USER00000006,1,1,100,1
USER00002375,1,1,100,1
USER00000659,1,1,100,1
USER00006777,1,1,100,1
USER00004264,1,1,100,1
USER00005866,1,1,100,1
USER00005033,1,1,100,1
USER00004611,1,1,100,1
USER00006696,1,1,100,1
USER00000694,1,1,100,1
USER00001434,1,1,100,1
USER00001559,1,1,100,1
USER00004400,1,1,100,1
USER00003007,1,1,100,1
USER00006903,1,1,100,1
USER00000848,1,1,100,1
USER00003196,1,1,100,1
USER00002384,1,1,100,1
USER00001796,1,1,100,1
USER00005062,1,1,100,1
USER00008609,1,1,100,1
USER00008201,1,1,100,1
USER00008293,1,1,100,1
USER00008930,1,1,100,1
USER00009373,1,1,100,1
USER00005241,1,1,100,1
USER00005461,1,1,100,1
USER00004173,1,1,100,1
USER00002945,1,1,100,1
USER00006725,1,1,100,1
USER00003850,1,1,100,1
USER00007741,1,1,100,1
USER00003144,1,1,100,1
USER00001290,1,1,100,1
USER00003591,1,1,100,1
USER00000212,1,1,100,1
USER00006782,1,1,100,1
USER00003799,1,1,100,1
USER00002248,1,1,100,1
USER00001542,1,1,100,1
USER00001797,1,1,100,1
USER00001714,1,1,100,1
USER00006467,1,1,100,1
USER00005406,1,1,100,1
USER00003542,1,1,100,1
USER00008406,1,1,100,1
USER00008217,1,1,100,1
USER00009267,1,1,100,1
USER00008371,1,1,100,1
USER00008895,1,1,100,1
USER00000060,1,1,100,1
USER00004148,1,1,100,1
USER00004512,1,1,100,1
USER00004324,1,1,100,1
USER00003038,1,1,100,1
USER00000420,1,1,100,1
USER00002151,1,1,100,1
USER00006196,1,1,100,1
USER00003956,1,1,100,1
USER00004918,1,1,100,1
USER00006518,1,1,100,1
USER00000387,1,1,100,1
USER00001741,1,1,100,1
USER00007049,1,1,100,1
USER00007159,1,1,100,1
USER00001405,1,1,100,1
USER00003945,1,1,100,1
USER00004594,1,1,100,1
USER00001770,1,1,100,1
USER00003416,1,1,100,1
USER00004975,1,1,100,1
USER00008022,1,1,100,1
USER00008801,1,1,100,1
USER00009402,1,1,100,1
USER00009186,1,1,100,1
USER00008560,1,1,100,1
USER00008997,1,1,100,1
USER00008599,1,1,100,1
USER00006715,1,1,100,1
USER00001713,1,1,100,1
USER00006635,1,1,100,1
USER00004444,1,1,100,1
USER00002113,1,1,100,1
USER00005682,1,1,100,1
USER00001913,1,1,100,1
USER00004434,1,1,100,1
USER00005576,1,1,100,1
USER00000923,1,1,100,1
USER00000261,1,1,100,1
USER00007026,1,1,100,1
USER00003681,1,1,100,1
USER00006274,1,1,100,1
USER00002297,1,1,100,1
USER00005977,1,1,100,1
USER00000008,1,1,100,1
USER00003903,1,1,100,1
USER00001855,1,1,100,1
USER00000605,1,1,100,1
USER00004183,1,1,100,1
USER00003633,1,1,100,1
USER00006738,1,1,100,1
USER00008842,1,1,100,1
USER00009384,1,1,100,1
USER00009642,1,1,100,1
USER00007898,1,1,100,1
USER00009228,1,1,100,1
USER00005482,1,1,100,1
USER00007010,1,1,100,1
USER00003668,1,1,100,1
USER00002735,1,1,100,1
USER00000237,1,1,100,1
USER00003548,1,1,100,1
USER00001594,1,1,100,1
USER00007696,1,1,100,1
USER00001215,1,1,100,1
USER00007292,1,1,100,1
USER00001685,1,1,100,1
USER00000834,1,1,100,1
USER00003304,1,1,100,1
USER00001191,1,1,100,1
USER00002491,1,1,100,1
USER00005171,1,1,100,1
USER00000706,1,1,100,1
USER00003655,1,1,100,1
USER00004356,1,1,100,1
USER00007337,1,1,100,1
USER00004360,1,1,100,1
USER00002000,1,1,100,1
USER00004957,1,1,100,1
USER00000242,1,1,100,1
USER00005123,1,1,100,1
USER00004960,1,1,100,1
USER00004967,1,1,100,1
USER00007804,1,1,100,1
USER00006682,1,1,100,1
USER00004704,1,1,100,1
USER00007490,1,1,100,1
USER00008914,1,1,100,1
USER00009031,1,1,100,1
USER00009264,1,1,100,1
USER00004379,1,1,100,1
USER00005528,1,1,100,1
USER00001898,1,1,100,1
USER00000249,1,1,100,1
USER00005207,1,1,100,1
USER00003808,1,1,100,1
USER00001253,1,1,100,1
USER00005561,1,1,100,1
USER00000041,1,1,100,1
USER00003243,1,1,100,1
USER00007472,1,1,100,1
USER00006197,1,1,100,1
USER00005127,1,1,100,1
USER00001952,1,1,100,1
USER00009476,1,1,100,1
USER00009353,1,1,100,1
USER00008881,1,1,100,1
USER00009843,1,1,100,1
USER00002930,1,1,100,1
USER00000116,1,1,100,1
USER00007205,1,1,100,1
USER00007651,1,1,100,1
USER00003727,1,1,100,1
USER00006129,1,1,100,1
USER00006424,1,1,100,1
USER00002998,1,1,100,1
USER00001378,1,1,100,1
USER00001006,1,1,100,1
USER00004178,1,1,100,1
USER00002318,1,1,100,1
USER00004410,1,1,100,1
USER00009704,1,1,100,1
USER00008949,1,1,100,1
USER00009897,1,1,100,1
USER00004507,1,1,100,1
USER00000391,1,1,100,1
USER00002784,1,1,100,1
USER00006390,1,1,100,1
USER00001146,1,1,100,1
USER00001956,1,1,100,1
USER00005695,1,1,100,1
USER00005491,1,1,100,1
USER00001636,1,1,100,1
USER00009835,1,1,100,1
USER00008304,1,1,100,1
USER00009799,1,1,100,1
USER00008254,1,1,100,1
USER00001251,1,1,100,1
USER00002456,1,1,100,1
USER00000668,1,1,100,1
USER00003248,1,1,100,1
USER00001813,1,1,100,1
USER00003796,1,1,100,1
USER00000118,1,1,100,1
USER00004095,1,1,100,1
USER00001050,1,1,100,1
USER00004003,1,1,100,1
USER00005658,1,1,100,1
USER00006929,1,1,100,1
USER00003848,1,1,100,1
USER00005722,1,1,100,1
USER00007480,1,1,100,1
USER00007141,1,1,100,1
USER00009636,1,1,100,1
USER00008469,1,1,100,1
USER00009477,1,1,100,1
USER00000971,1,1,100,1
USER00004911,1,1,100,1
USER00005781,1,1,100,1
USER00003403,1,1,100,1
USER00001886,1,1,100,1
USER00000037,1,1,100,1
USER00000828,1,1,100,1
USER00000842,1,1,100,1
USER00003256,1,1,100,1
USER00000159,1,1,100,1
USER00006015,1,1,100,1
USER00001105,1,1,100,1
USER00000019,1,1,100,1
USER00006686,1,1,100,1
USER00000857,1,1,100,1
USER00005708,1,1,100,1
USER00002833,1,1,100,1
USER00005520,1,1,100,1
USER00003994,1,1,100,1
USER00006085,1,1,100,1
USER00005440,1,1,100,1
USER00003782,1,1,100,1
USER00007871,1,1,100,1
USER00001766,1,1,100,1
USER00003312,1,1,100,1
USER00001456,1,1,100,1
USER00008202,1,1,100,1
USER00008390,1,1,100,1
USER00009868,1,1,100,1
USER00009733,1,1,100,1
USER00007995,1,1,100,1
USER00008379,1,1,100,1
USER00008378,1,1,100,1
USER00009931,1,1,100,1
USER00002397,1,1,100,1
USER00006484,1,1,100,1
USER00003042,1,1,100,1
USER00007546,1,1,100,1
USER00001488,1,1,100,1
USER00000798,1,1,100,1
USER00005240,1,1,100,1
USER00005444,1,1,100,1
USER00006698,1,1,100,1
USER00005707,1,1,100,1
USER00007243,1,1,100,1
USER00001023,1,1,100,1
USER00005356,1,1,100,1
USER00005025,1,1,100,1
USER00001054,1,1,100,1
USER00006855,1,1,100,1
USER00007099,1,1,100,1
USER00002608,1,1,100,1
USER00002469,1,1,100,1
USER00006269,1,1,100,1
USER00009312,1,1,100,1
USER00008867,1,1,100,1
USER00007512,1,1,100,1
USER00003318,1,1,100,1
USER00004999,1,1,100,1
USER00000722,1,1,100,1
USER00004786,1,1,100,1
USER00004782,1,1,100,1
USER00001874,1,1,100,1
USER00001818,1,1,100,1
USER00003631,1,1,100,1
USER00004979,1,1,100,1
USER00008862,1,1,100,1
USER00008619,1,1,100,1
USER00009555,1,1,100,1
USER00009593,1,1,100,1
USER00009701,1,1,100,1
USER00009785,1,1,100,1
USER00009606,1,1,100,1
USER00006404,1,1,100,1
USER00005058,1,1,100,1
USER00006081,1,1,100,1
USER00005463,1,1,100,1
USER00004074,1,1,100,1
USER00003538,1,1,100,1
USER00003375,1,1,100,1
USER00005378,1,1,100,1
USER00006796,1,1,100,1
USER00006428,1,1,100,1
USER00003559,1,1,100,1
USER00000514,1,1,100,1
USER00000538,1,1,100,1
USER00006149,1,1,100,1
USER00000493,1,1,100,1
USER00002702,1,1,100,1
USER00004848,1,1,100,1
USER00004417,1,1,100,1
USER00002493,1,1,100,1
USER00003986,1,1,100,1
USER00002903,1,1,100,1
USER00001454,1,1,100,1
USER00006945,1,1,100,1
USER00008836,1,1,100,1
USER00008896,1,1,100,1
USER00008828,1,1,100,1
USER00009424,1,1,100,1
USER00009677,1,1,100,1
USER00008628,1,1,100,1
USER00005477,1,1,100,1
USER00000458,1,1,100,1
USER00000120,1,1,100,1
USER00004034,1,1,100,1
USER00005558,1,1,100,1
USER00006049,1,1,100,1
USER00002231,1,1,100,1
USER00004948,1,1,100,1
USER00007751,1,1,100,1
USER00000088,1,1,100,1
USER00000353,1,1,100,1
USER00009912,1,1,100,1
USER00009067,1,1,100,1
USER00009720,1,1,100,1
USER00009418,1,1,100,1
USER00009357,1,1,100,1
USER00009410,1,1,100,1
USER00009741,1,1,100,1
USER00004540,1,1,100,1
USER00006805,1,1,100,1
USER00002899,1,1,100,1
USER00003096,1,1,100,1
USER00006375,1,1,100,1
USER00002044,1,1,100,1
USER00004936,1,1,100,1
USER00004900,1,1,100,1
USER00000093,1,1,100,1
USER00000346,1,1,100,1
USER00004881,1,1,100,1
USER00003179,1,1,100,1
USER00005380,1,1,100,1
USER00004552,1,1,100,1
USER00000750,1,1,100,1
USER00001219,1,1,100,1
USER00002148,1,1,100,1
USER00005038,1,1,100,1
USER00001147,1,1,100,1
USER00007364,1,1,100,1
USER00009333,1,1,100,1
USER00008058,1,1,100,1
USER00009256,1,1,100,1
USER00007916,1,1,100,1
USER00008047,1,1,100,1
USER00008519,1,1,100,1
USER00007392,1,1,100,1
USER00004285,1,1,100,1
USER00001863,1,1,100,1
USER00001831,1,1,100,1
USER00006339,1,1,100,1
USER00004595,1,1,100,1
USER00001618,1,1,100,1
USER00000998,1,1,100,1
USER00007269,1,1,100,1
USER00007820,1,1,100,1
USER00003392,1,1,100,1
USER00002832,1,1,100,1
USER00000877,1,1,100,1
USER00001529,1,1,100,1
USER00003702,1,1,100,1
USER00006922,1,1,100,1
USER00003306,1,1,100,1
USER00006378,1,1,100,1
USER00006201,1,1,100,1
USER00006789,1,1,100,1
USER00005595,1,1,100,1
USER00006443,1,1,100,1
USER00005139,1,1,100,1
USER00003881,1,1,100,1
USER00007458,1,1,100,1
USER00009668,1,1,100,1
USER00005236,1,1,100,1
USER00003121,1,1,100,1
USER00000581,1,1,100,1
USER00000844,1,1,100,1
USER00001617,1,1,100,1
USER00003397,1,1,100,1
USER00000485,1,1,100,1
USER00002510,1,1,100,1
USER00006367,1,1,100,1
USER00000384,1,1,100,1
USER00006786,1,1,100,1
USER00007464,1,1,100,1
USER00001067,1,1,100,1
USER00005140,1,1,100,1
USER00006323,1,1,100,1
USER00003321,1,1,100,1
USER00004962,1,1,100,1
USER00002619,1,1,100,1
USER00000786,1,1,100,1
USER00001949,1,1,100,1
USER00001640,1,1,100,1
USER00001422,1,1,100,1
USER00004044,1,1,100,1
USER00003758,1,1,100,1
USER00000631,1,1,100,1
USER00003976,1,1,100,1
USER00009813,1,1,100,1
USER00009711,1,1,100,1
USER00009465,1,1,100,1
USER00008229,1,1,100,1
USER00009188,1,1,100,1
USER00008165,1,1,100,1
USER00001663,1,1,100,1
USER00005321,1,1,100,1
USER00003720,1,1,100,1
USER00000915,1,1,100,1
USER00000070,1,1,100,1
USER00007023,1,1,100,1
USER00001097,1,1,100,1
USER00001334,1,1,100,1
USER00006674,1,1,100,1
USER00008340,1,1,100,1
USER00001483,1,1,100,1
USER00001890,1,1,100,1
USER00004824,1,1,100,1
USER00002693,1,1,100,1
USER00006298,1,1,100,1
USER00007710,1,1,100,1
USER00003249,1,1,100,1
USER00001297,1,1,100,1
USER00001127,1,1,100,1
USER00000802,1,1,100,1
USER00000519,1,1,100,1
USER00006794,1,1,100,1
USER00007156,1,1,100,1
USER00003219,1,1,100,1
USER00003887,1,1,100,1
USER00002197,1,1,100,1
USER00003368,1,1,100,1
USER00009510,1,1,100,1
USER00009008,1,1,100,1
USER00007974,1,1,100,1
USER00008888,1,1,100,1
USER00008894,1,1,100,1
USER00009647,1,1,100,1
USER00009401,1,1,100,1
USER00007776,1,1,100,1
USER00003133,1,1,100,1
USER00007833,1,1,100,1
USER00001535,1,1,100,1
USER00007147,1,1,100,1
USER00001108,1,1,100,1
USER00002392,1,1,100,1
USER00001901,1,1,100,1
USER00005752,1,1,100,1
USER00003981,1,1,100,1
USER00007137,1,1,100,1
USER00001669,1,1,100,1
USER00005053,1,1,100,1
USER00002744,1,1,100,1
USER00001331,1,1,100,1
USER00004765,1,1,100,1
USER00005687,1,1,100,1
USER00002353,1,1,100,1
USER00002721,1,1,100,1
USER00006175,1,1,100,1
USER00001703,1,1,100,1
USER00009185,1,1,100,1
USER00008901,1,1,100,1
USER00008439,1,1,100,1
USER00000496,1,1,100,1
USER00000048,1,1,100,1
USER00002876,1,1,100,1
USER00004873,1,1,100,1
USER00002309,1,1,100,1
USER00007434,1,1,100,1
USER00004196,1,1,100,1
USER00006094,1,1,100,1
USER00004419,1,1,100,1
USER00003779,1,1,100,1
USER00001822,1,1,100,1
USER00002497,1,1,100,1
USER00007826,1,1,100,1
USER00007734,1,1,100,1
USER00006606,1,1,100,1
USER00005228,1,1,100,1
USER00002326,1,1,100,1
USER00007620,1,1,100,1
USER00001985,1,1,100,1
USER00004144,1,1,100,1
USER00005873,1,1,100,1
USER00009528,1,1,100,1
USER00009359,1,1,100,1
USER00008562,1,1,100,1
USER00005982,1,1,100,1
USER00003617,1,1,100,1
USER00000408,1,1,100,1
USER00007068,1,1,100,1
USER00004308,1,1,100,1
USER00004270,1,1,100,1
USER00004823,1,1,100,1
USER00007879,1,1,100,1
USER00003634,1,1,100,1
USER00001274,1,1,100,1
USER00007517,1,1,100,1
USER00001596,1,1,100,1
USER00005729,1,1,100,1
USER00002716,1,1,100,1
USER00001944,1,1,100,1
USER00009040,1,1,100,1
USER00008657,1,1,100,1
USER00008310,1,1,100,1
USER00007965,1,1,100,1
USER00008950,1,1,100,1
USER00009051,1,1,100,1
USER00007843,1,1,100,1
USER00007763,1,1,100,1
USER00007474,1,1,100,1
USER00001487,1,1,100,1
USER00000169,1,1,100,1
USER00006599,1,1,100,1
USER00005399,1,1,100,1
USER00005465,1,1,100,1
USER00007317,1,1,100,1
USER00006174,1,1,100,1
USER00004392,1,1,100,1
USER00002895,1,1,100,1
USER00006353,1,1,100,1
USER00006665,1,1,100,1
USER00004814,1,1,100,1
USER00007356,1,1,100,1
USER00003606,1,1,100,1
USER00007686,1,1,100,1
USER00002806,1,1,100,1
USER00000596,1,1,100,1
USER00009147,1,1,100,1
USER00009111,1,1,100,1
USER00009736,1,1,100,1
USER00009850,1,1,100,1
USER00006530,1,1,100,1
USER00007161,1,1,100,1
USER00003995,1,1,100,1
USER00006952,1,1,100,1
USER00006832,1,1,100,1
USER00006771,1,1,100,1
USER00007652,1,1,100,1
USER00007702,1,1,100,1
USER00001070,1,1,100,1
USER00002855,1,1,100,1
USER00001568,1,1,100,1
USER00001764,1,1,100,1
USER00006843,1,1,100,1
USER00003002,1,1,100,1
USER00006321,1,1,100,1
USER00002607,1,1,100,1
USER00003896,1,1,100,1
USER00007985,1,1,100,1
USER00009022,1,1,100,1
USER00008046,1,1,100,1
USER00008181,1,1,100,1
USER00007946,1,1,100,1
USER00009197,1,1,100,1
USER00008847,1,1,100,1
USER00009623,1,1,100,1
USER00005438,1,1,100,1
USER00002828,1,1,100,1
USER00004807,1,1,100,1
USER00005011,1,1,100,1
USER00002219,1,1,100,1
USER00001381,1,1,100,1
USER00000799,1,1,100,1
USER00003871,1,1,100,1
USER00001382,1,1,100,1
USER00002970,1,1,100,1
USER00002599,1,1,100,1
USER00006236,1,1,100,1
USER00001762,1,1,100,1
USER00008043,1,1,100,1
USER00008789,1,1,100,1
USER00008062,1,1,100,1
USER00008263,1,1,100,1
USER00009918,1,1,100,1
USER00008590,1,1,100,1
USER00003393,1,1,100,1
USER00005000,1,1,100,1
USER00002563,1,1,100,1
USER00003789,1,1,100,1
USER00000629,1,1,100,1
USER00005731,1,1,100,1
USER00000033,1,1,100,1
USER00001051,1,1,100,1
USER00002430,1,1,100,1
USER00007680,1,1,100,1
USER00005903,1,1,100,1
USER00003208,1,1,100,1
USER00004858,1,1,100,1
USER00006704,1,1,100,1
USER00005917,1,1,100,1
USER00006496,1,1,100,1
USER00006182,1,1,100,1
USER00004650,1,1,100,1
USER00001934,1,1,100,1
USER00007021,1,1,100,1
USER00002215,1,1,100,1
USER00005841,1,1,100,1
USER00008714,1,1,100,1
USER00009904,1,1,100,1
USER00009761,1,1,100,1
USER00008866,1,1,100,1
USER00008973,1,1,100,1
USER00003665,1,1,100,1
USER00002981,1,1,100,1
USER00004035,1,1,100,1
USER00003932,1,1,100,1
USER00003135,1,1,100,1
USER00006003,1,1,100,1
USER00002336,1,1,100,1
USER00005928,1,1,100,1
USER00001156,1,1,100,1
USER00007435,1,1,100,1
USER00005111,1,1,100,1
USER00005745,1,1,100,1
USER00001073,1,1,100,1
USER00008573,1,1,100,1
USER00008248,1,1,100,1
USER00008574,1,1,100,1
USER00008685,1,1,100,1
USER00009637,1,1,100,1
USER00008799,1,1,100,1
USER00009532,1,1,100,1
USER00007785,1,1,100,1
USER00000343,1,1,100,1
USER00004271,1,1,100,1
USER00000680,1,1,100,1
USER00002341,1,1,100,1
USER00005473,1,1,100,1
USER00002526,1,1,100,1
USER00005445,1,1,100,1
USER00002020,1,1,100,1
USER00004284,1,1,100,1
USER00006557,1,1,100,1
USER00007383,1,1,100,1
USER00005164,1,1,100,1
USER00006011,1,1,100,1
USER00002175,1,1,100,1
USER00002861,1,1,100,1
USER00005313,1,1,100,1
USER00003594,1,1,100,1
USER00004929,1,1,100,1
USER00007529,1,1,100,1
USER00004969,1,1,100,1
USER00008462,1,1,100,1
USER00009212,1,1,100,1
USER00008166,1,1,100,1
USER00008972,1,1,100,1
USER00003943,1,1,100,1
USER00006392,1,1,100,1
USER00007693,1,1,100,1
USER00002371,1,1,100,1
USER00001254,1,1,100,1
USER00001041,1,1,100,1
USER00004181,1,1,100,1
USER00003825,1,1,100,1
USER00007177,1,1,100,1
USER00000503,1,1,100,1
USER00007797,1,1,100,1
USER00002059,1,1,100,1
USER00000805,1,1,100,1
USER00008802,1,1,100,1
USER00008700,1,1,100,1
USER00008017,1,1,100,1
USER00008399,1,1,100,1
USER00008096,1,1,100,1
USER00004771,1,1,100,1
USER00002653,1,1,100,1
USER00000541,1,1,100,1
USER00004952,1,1,100,1
USER00003552,1,1,100,1
USER00007449,1,1,100,1
USER00001217,1,1,100,1
USER00007318,1,1,100,1
USER00007017,1,1,100,1
USER00002488,1,1,100,1
USER00007394,1,1,100,1
USER00007647,1,1,100,1
USER00006303,1,1,100,1
USER00009599,1,1,100,1
USER00008220,1,1,100,1
USER00009686,1,1,100,1
USER00009447,1,1,100,1
USER00004988,1,1,100,1
USER00001996,1,1,100,1
USER00001306,1,1,100,1
USER00003343,1,1,100,1
USER00001252,1,1,100,1
USER00003811,1,1,100,1
USER00004219,1,1,100,1
USER00002969,1,1,100,1
USER00005266,1,1,100,1
USER00007148,1,1,100,1
USER00007168,1,1,100,1
USER00003900,1,1,100,1
USER00001176,1,1,100,1
USER00002932,1,1,100,1
USER00006620,1,1,100,1
USER00006054,1,1,100,1
USER00006602,1,1,100,1
USER00003207,1,1,100,1
USER00000652,1,1,100,1
USER00003503,1,1,100,1
USER00002334,1,1,100,1
USER00003268,1,1,100,1
USER00002474,1,1,100,1
USER00003672,1,1,100,1
USER00000045,1,1,100,1
USER00003797,1,1,100,1
USER00003737,1,1,100,1
USER00005907,1,1,100,1
USER00009936,1,1,100,1
USER00009055,1,1,100,1
USER00007950,1,1,100,1
USER00008074,1,1,100,1
USER00007927,1,1,100,1
USER00001639,1,1,100,1
USER00001457,1,1,100,1
USER00000639,1,1,100,1
USER00003801,1,1,100,1
USER00003357,1,1,100,1
USER00006507,1,1,100,1
USER00002118,1,1,100,1
USER00006101,1,1,100,1
USER00001042,1,1,100,1
USER00001400,1,1,100,1
USER00000204,1,1,100,1
USER00002651,1,1,100,1
USER00006377,1,1,100,1
USER00006169,1,1,100,1
USER00003605,1,1,100,1
USER00004810,1,1,100,1
USER00005848,1,1,100,1
USER00001712,1,1,100,1
USER00005212,1,1,100,1
USER00009879,1,1,100,1
USER00009878,1,1,100,1
USER00008155,1,1,100,1
USER00002222,1,1,100,1
USER00007886,1,1,100,1
USER00002715,1,1,100,1
USER00004573,1,1,100,1
USER00000875,1,1,100,1
USER00007638,1,1,100,1
USER00005726,1,1,100,1
USER00002370,1,1,100,1
USER00006889,1,1,100,1
USER00005845,1,1,100,1
USER00002193,1,1,100,1
USER00006810,1,1,100,1
USER00003987,1,1,100,1
USER00007558,1,1,100,1
USER00005869,1,1,100,1
USER00002636,1,1,100,1
USER00000686,1,1,100,1
USER00003274,1,1,100,1
USER00002800,1,1,100,1
USER00005945,1,1,100,1
USER00003314,1,1,100,1
USER00009732,1,1,100,1
USER00009870,1,1,100,1
USER00009120,1,1,100,1
USER00009043,1,1,100,1
USER00008108,1,1,100,1
USER00008995,1,1,100,1
USER00009209,1,1,100,1
USER00001369,1,1,100,1
USER00006938,1,1,100,1
USER00004243,1,1,100,1
USER00000021,1,1,100,1
USER00002479,1,1,100,1
USER00005431,1,1,100,1
USER00000283,1,1,100,1
USER00003583,1,1,100,1
USER00003049,1,1,100,1
USER00001444,1,1,100,1
USER00006553,1,1,100,1
USER00000675,1,1,100,1
USER00005603,1,1,100,1
USER00007314,1,1,100,1
USER00006964,1,1,100,1
USER00006474,1,1,100,1
USER00005225,1,1,100,1
USER00004112,1,1,100,1
USER00007506,1,1,100,1
USER00005849,1,1,100,1
USER00002445,1,1,100,1
USER00000594,1,1,100,1
USER00007343,1,1,100,1
USER00008618,1,1,100,1
USER00009836,1,1,100,1
USER00008869,1,1,100,1
USER00008245,1,1,100,1
USER00007926,1,1,100,1
USER00009775,1,1,100,1
USER00008565,1,1,100,1
USER00004202,1,1,100,1
USER00000824,1,1,100,1
USER00005215,1,1,100,1
USER00003371,1,1,100,1
USER00005086,1,1,100,1
USER00002823,1,1,100,1
USER00005232,1,1,100,1
USER00004249,1,1,100,1
USER00000284,1,1,100,1
USER00001814,1,1,100,1
USER00001416,1,1,100,1
USER00002688,1,1,100,1
USER00000179,1,1,100,1
USER00000607,1,1,100,1
USER00002355,1,1,100,1
USER00002554,1,1,100,1
USER00006629,1,1,100,1
USER00001385,1,1,100,1
USER00007078,1,1,100,1
USER00003909,1,1,100,1
USER00002853,1,1,100,1
USER00000101,1,1,100,1
USER00004618,1,1,100,1
USER00005763,1,1,100,1
USER00007667,1,1,100,1
USER00001570,1,1,100,1
USER00004012,1,1,100,1
USER00006153,1,1,100,1
USER00005919,1,1,100,1
USER00001100,1,1,100,1
USER00008846,1,1,100,1
USER00009890,1,1,100,1
USER00008052,1,1,100,1
USER00009176,1,1,100,1
USER00000250,1,1,100,1
USER00001071,1,1,100,1
USER00000440,1,1,100,1
USER00007819,1,1,100,1
USER00006979,1,1,100,1
USER00004770,1,1,100,1
USER00003360,1,1,100,1
USER00002459,1,1,100,1
USER00000452,1,1,100,1
USER00007816,1,1,100,1
USER00007743,1,1,100,1
USER00003177,1,1,100,1
USER00000131,1,1,100,1
USER00002870,1,1,100,1
USER00006386,1,1,100,1
USER00001946,1,1,100,1
USER00001389,1,1,100,1
USER00009467,1,1,100,1
USER00009962,1,1,100,1
USER00009281,1,1,100,1
USER00008601,1,1,100,1
USER00007367,1,1,100,1
USER00006176,1,1,100,1
USER00004332,1,1,100,1
USER00001672,1,1,100,1
USER00002851,1,1,100,1
USER00005532,1,1,100,1
USER00001402,1,1,100,1
USER00007683,1,1,100,1
USER00002704,1,1,100,1
USER00004273,1,1,100,1
USER00006168,1,1,100,1
USER00006787,1,1,100,1
USER00003972,1,1,100,1
USER00003506,1,1,100,1
USER00006291,1,1,100,1
USER00007511,1,1,100,1
USER00006612,1,1,100,1
USER00001281,1,1,100,1
USER00004950,1,1,100,1
USER00000736,1,1,100,1
USER00000414,1,1,100,1
USER00006051,1,1,100,1
USER00008191,1,1,100,1
USER00008068,1,1,100,1
USER00008035,1,1,100,1
USER00008285,1,1,100,1
USER00003050,1,1,100,1
USER00005409,1,1,100,1
USER00001392,1,1,100,1
USER00005389,1,1,100,1
USER00001139,1,1,100,1
USER00005942,1,1,100,1
USER00000028,1,1,100,1
USER00004155,1,1,100,1
USER00002415,1,1,100,1
USER00007541,1,1,100,1
USER00002286,1,1,100,1
USER00000554,1,1,100,1
USER00005913,1,1,100,1
USER00005774,1,1,100,1
USER00000150,1,1,100,1
USER00000463,1,1,100,1
USER00006688,1,1,100,1
USER00003363,1,1,100,1
USER00001709,1,1,100,1
USER00004860,1,1,100,1
USER00004387,1,1,100,1
USER00007622,1,1,100,1
USER00003106,1,1,100,1
USER00000782,1,1,100,1
USER00002467,1,1,100,1
USER00008040,1,1,100,1
USER00009296,1,1,100,1
USER00008792,1,1,100,1
USER00008679,1,1,100,1
USER00001628,1,1,100,1
USER00004501,1,1,100,1
USER00007746,1,1,100,1
USER00001988,1,1,100,1
USER00005364,1,1,100,1
USER00001266,1,1,100,1
USER00004253,1,1,100,1
USER00005954,1,1,100,1
USER00005653,1,1,100,1
USER00004769,1,1,100,1
USER00008893,1,1,100,1
USER00009198,1,1,100,1
USER00009540,1,1,100,1
USER00008387,1,1,100,1
USER00009959,1,1,100,1
USER00008606,1,1,100,1
USER00003970,1,1,100,1
USER00002630,1,1,100,1
USER00007595,1,1,100,1
USER00005275,1,1,100,1
USER00004811,1,1,100,1
USER00000356,1,1,100,1
USER00003220,1,1,100,1
USER00005120,1,1,100,1
USER00003609,1,1,100,1
USER00004774,1,1,100,1
USER00004920,1,1,100,1
USER00007451,1,1,100,1
USER00003838,1,1,100,1
USER00003936,1,1,100,1
USER00002244,1,1,100,1
USER00004515,1,1,100,1
USER00007447,1,1,100,1
USER00008476,1,1,100,1
USER00009246,1,1,100,1
USER00009765,1,1,100,1
USER00008177,1,1,100,1
USER00007971,1,1,100,1
USER00001182,1,1,100,1
USER00002868,1,1,100,1
USER00006567,1,1,100,1
USER00006844,1,1,100,1
USER00001190,1,1,100,1
USER00005877,1,1,100,1
USER00002648,1,1,100,1
USER00001480,1,1,100,1
USER00000714,1,1,100,1
USER00002169,1,1,100,1
USER00007185,1,1,100,1
USER00007736,1,1,100,1
USER00004953,1,1,100,1
USER00002017,1,1,100,1
USER00005962,1,1,100,1
USER00003535,1,1,100,1
USER00009624,1,1,100,1
USER00008106,1,1,100,1
USER00008311,1,1,100,1
USER00008392,1,1,100,1
USER00008451,1,1,100,1
USER00009557,1,1,100,1
USER00001725,1,1,100,1
USER00009887,1,1,100,1
USER00008204,1,1,100,1
USER00007915,1,1,100,1
USER00003753,1,1,100,1
USER00001726,1,1,100,1
USER00000873,1,1,100,1
USER00003733,1,1,100,1
USER00006841,1,1,100,1
USER00004054,1,1,100,1
USER00006398,1,1,100,1
USER00000057,1,1,100,1
USER00005415,1,1,100,1
USER00003299,1,1,100,1
USER00001840,1,1,100,1
USER00005084,1,1,100,1
USER00006344,1,1,100,1
USER00002736,1,1,100,1
USER00004018,1,1,100,1
USER00004638,1,1,100,1
USER00006078,1,1,100,1
USER00006763,1,1,100,1
USER00002538,1,1,100,1
USER00001029,1,1,100,1
USER00008157,1,1,100,1
USER00003158,1,1,100,1
USER00001323,1,1,100,1
USER00006675,1,1,100,1
USER00001727,1,1,100,1
USER00003020,1,1,100,1
USER00006720,1,1,100,1
USER00002347,1,1,100,1
USER00002509,1,1,100,1
USER00000642,1,1,100,1
USER00005036,1,1,100,1
USER00007770,1,1,100,1
USER00003394,1,1,100,1
USER00004393,1,1,100,1
USER00001321,1,1,100,1
USER00004374,1,1,100,1
USER00003985,1,1,100,1
USER00005606,1,1,100,1
USER00002179,1,1,100,1
USER00007997,1,1,100,1
USER00008839,1,1,100,1
USER00008971,1,1,100,1
USER00008926,1,1,100,1
USER00004104,1,1,100,1
USER00002777,1,1,100,1
USER00007398,1,1,100,1
USER00003913,1,1,100,1
USER00004905,1,1,100,1
USER00005514,1,1,100,1
USER00003841,1,1,100,1
USER00001962,1,1,100,1
USER00002786,1,1,100,1
USER00001792,1,1,100,1
USER00006359,1,1,100,1
USER00003013,1,1,100,1
USER00005585,1,1,100,1
USER00005621,1,1,100,1
USER00001707,1,1,100,1
USER00006543,1,1,100,1
USER00004186,1,1,100,1
USER00006529,1,1,100,1
USER00001461,1,1,100,1
USER00007181,1,1,100,1
USER00001834,1,1,100,1
USER00006554,1,1,100,1
USER00009268,1,1,100,1
USER00008126,1,1,100,1
USER00008398,1,1,100,1
USER00007911,1,1,100,1
USER00008361,1,1,100,1
USER00009046,1,1,100,1
USER00008889,1,1,100,1
USER00009002,1,1,100,1
USER00003369,1,1,100,1
USER00005927,1,1,100,1
USER00000748,1,1,100,1
USER00009290,1,1,100,1
USER00009929,1,1,100,1
USER00004680,1,1,100,1
USER00007839,1,1,100,1
USER00007644,1,1,100,1
USER00005410,1,1,100,1
USER00002097,1,1,100,1
USER00000740,1,1,100,1
USER00005048,1,1,100,1
USER00005821,1,1,100,1
USER00006509,1,1,100,1
USER00003950,1,1,100,1
USER00007487,1,1,100,1
USER00000984,1,1,100,1
USER00003019,1,1,100,1
USER00005044,1,1,100,1
USER00001337,1,1,100,1
USER00004098,1,1,100,1
USER00001786,1,1,100,1
USER00005469,1,1,100,1
USER00007119,1,1,100,1
USER00008318,1,1,100,1
USER00009777,1,1,100,1
USER00009255,1,1,100,1
USER00009362,1,1,100,1
USER00009742,1,1,100,1
USER00008922,1,1,100,1
USER00009114,1,1,100,1
USER00007555,1,1,100,1
USER00003271,1,1,100,1
USER00002798,1,1,100,1
USER00004735,1,1,100,1
USER00006454,1,1,100,1
USER00007559,1,1,100,1
USER00007846,1,1,100,1
USER00007389,1,1,100,1
USER00000001,1,1,100,1
USER00002033,1,1,100,1
USER00007245,1,1,100,1
USER00002147,1,1,100,1
USER00007883,1,1,100,1
USER00005793,1,1,100,1
USER00004686,1,1,100,1
USER00000401,1,1,100,1
USER00005320,1,1,100,1
USER00008072,1,1,100,1
USER00009235,1,1,100,1
USER00009412,1,1,100,1
USER00009356,1,1,100,1
USER00008993,1,1,100,1
USER00000472,1,1,100,1
USER00002432,1,1,100,1
USER00004200,1,1,100,1
USER00006313,1,1,100,1
USER00002103,1,1,100,1
USER00004029,1,1,100,1
USER00002348,1,1,100,1
USER00005681,1,1,100,1
USER00004510,1,1,100,1
USER00004604,1,1,100,1
USER00000255,1,1,100,1
USER00003457,1,1,100,1
USER00006064,1,1,100,1
USER00006727,1,1,100,1
USER00006854,1,1,100,1
USER00005721,1,1,100,1
USER00000703,1,1,100,1
USER00004752,1,1,100,1
USER00005789,1,1,100,1
USER00000738,1,1,100,1
USER00003645,1,1,100,1
USER00006347,1,1,100,1
USER00007891,1,1,100,1
USER00004300,1,1,100,1
USER00007386,1,1,100,1
USER00001748,1,1,100,1
USER00000529,1,1,100,1
USER00002805,1,1,100,1
USER00006925,1,1,100,1
USER00005888,1,1,100,1
USER00001245,1,1,100,1
USER00007253,1,1,100,1
USER00002695,1,1,100,1
USER00007688,1,1,100,1
USER00004366,1,1,100,1
USER00003756,1,1,100,1
USER00002081,1,1,100,1
USER00005010,1,1,100,1
USER00000891,1,1,100,1
USER00006340,1,1,100,1
USER00007183,1,1,100,1
USER00003448,1,1,100,1
USER00003113,1,1,100,1
USER00007312,1,1,100,1
USER00004648,1,1,100,1
USER00003873,1,1,100,1
USER00001841,1,1,100,1
USER00000739,1,1,100,1
USER00009713,1,1,100,1
USER00008320,1,1,100,1
USER00007943,1,1,100,1
USER00008107,1,1,100,1
USER00008566,1,1,100,1
USER00009635,1,1,100,1
USER00007981,1,1,100,1
USER00005316,1,1,100,1
USER00006254,1,1,100,1
USER00007347,1,1,100,1
USER00005081,1,1,100,1
USER00003273,1,1,100,1
USER00002454,1,1,100,1
USER00001145,1,1,100,1
USER00006814,1,1,100,1
USER00002999,1,1,100,1
USER00002883,1,1,100,1
USER00004526,1,1,100,1
USER00002282,1,1,100,1
USER00003154,1,1,100,1
USER00007599,1,1,100,1
USER00006231,1,1,100,1
USER00003597,1,1,100,1
USER00002665,1,1,100,1
USER00002216,1,1,100,1
USER00001802,1,1,100,1
USER00002275,1,1,100,1
USER00007577,1,1,100,1
USER00005206,1,1,100,1
USER00003921,1,1,100,1
USER00009433,1,1,100,1
USER00008623,1,1,100,1
USER00009033,1,1,100,1
USER00009309,1,1,100,1
USER00008153,1,1,100,1
USER00009569,1,1,100,1
USER00009444,1,1,100,1
USER00009698,1,1,100,1
USER00008374,1,1,100,1
USER00008821,1,1,100,1
USER00008206,1,1,100,1
USER00006936,1,1,100,1
USER00001622,1,1,100,1
USER00005163,1,1,100,1
USER00000765,1,1,100,1
USER00007207,1,1,100,1
USER00000137,1,1,100,1
USER00002824,1,1,100,1
USER00000704,1,1,100,1
USER00006393,1,1,100,1
USER00002416,1,1,100,1
USER00003990,1,1,100,1
USER00002707,1,1,100,1
USER00007171,1,1,100,1
USER00003997,1,1,100,1
USER00002083,1,1,100,1
USER00004340,1,1,100,1
USER00003427,1,1,100,1
USER00008028,1,1,100,1
USER00008719,1,1,100,1
USER00006792,1,1,100,1
USER00003813,1,1,100,1
USER00003784,1,1,100,1
USER00005402,1,1,100,1
USER00002623,1,1,100,1
USER00004473,1,1,100,1
USER00006891,1,1,100,1
USER00007439,1,1,100,1
USER00009199,1,1,100,1
USER00009208,1,1,100,1
USER00008436,1,1,100,1
USER00008856,1,1,100,1
USER00007952,1,1,100,1
USER00008920,1,1,100,1
USER00009407,1,1,100,1
USER00007626,1,1,100,1
USER00004819,1,1,100,1
USER00003547,1,1,100,1
USER00006999,1,1,100,1
USER00000592,1,1,100,1
USER00005471,1,1,100,1
USER00007066,1,1,100,1
USER00002724,1,1,100,1
USER00004759,1,1,100,1
USER00004726,1,1,100,1
USER00007793,1,1,100,1
USER00008125,1,1,100,1
USER00009581,1,1,100,1
USER00009280,1,1,100,1
USER00007968,1,1,100,1
USER00008632,1,1,100,1
USER00002095,1,1,100,1
USER00006295,1,1,100,1
USER00002439,1,1,100,1
USER00006342,1,1,100,1
USER00006569,1,1,100,1
USER00000864,1,1,100,1
USER00004440,1,1,100,1
USER00007036,1,1,100,1
USER00004578,1,1,100,1
USER00000191,1,1,100,1
USER00002530,1,1,100,1
USER00004335,1,1,100,1
USER00004241,1,1,100,1
USER00006219,1,1,100,1
USER00008464,1,1,100,1
USER00007945,1,1,100,1
USER00008095,1,1,100,1
USER00005143,1,1,100,1
USER00000684,1,1,100,1
USER00003898,1,1,100,1
USER00000902,1,1,100,1
USER00006489,1,1,100,1
USER00007662,1,1,100,1
USER00005932,1,1,100,1
USER00000376,1,1,100,1
USER00004986,1,1,100,1
USER00001857,1,1,100,1
USER00002250,1,1,100,1
USER00001652,1,1,100,1
USER00003230,1,1,100,1
USER00006712,1,1,100,1
USER00004987,1,1,100,1
USER00002977,1,1,100,1
USER00008426,1,1,100,1
USER00008453,1,1,100,1
USER00008511,1,1,100,1
USER00009181,1,1,100,1
USER00008524,1,1,100,1
USER00000243,1,1,100,1
USER00006098,1,1,100,1
USER00005613,1,1,100,1
USER00000350,1,1,100,1
USER00007544,1,1,100,1
USER00003963,1,1,100,1
USER00007786,1,1,100,1
USER00002022,1,1,100,1
USER00006784,1,1,100,1
USER00003058,1,1,100,1
USER00003355,1,1,100,1
USER00007812,1,1,100,1
USER00000897,1,1,100,1
USER00006104,1,1,100,1
USER00005510,1,1,100,1
USER00007282,1,1,100,1
USER00005836,1,1,100,1
USER00005322,1,1,100,1
USER00009471,1,1,100,1
USER00009263,1,1,100,1
USER00008535,1,1,100,1
USER00008162,1,1,100,1
USER00009935,1,1,100,1
USER00009024,1,1,100,1
USER00009032,1,1,100,1
USER00004514,1,1,100,1
USER00001544,1,1,100,1
USER00000893,1,1,100,1
USER00003537,1,1,100,1
USER00007865,1,1,100,1
USER00005892,1,1,100,1
USER00006647,1,1,100,1
USER00001894,1,1,100,1
USER00001668,1,1,100,1
USER00000402,1,1,100,1
USER00000015,1,1,100,1
USER00000081,1,1,100,1
USER00005113,1,1,100,1
USER00004509,1,1,100,1
USER00006481,1,1,100,1
USER00004159,1,1,100,1
USER00002709,1,1,100,1
USER00001173,1,1,100,1
USER00006804,1,1,100,1
USER00001711,1,1,100,1
USER00008711,1,1,100,1
USER00008278,1,1,100,1
USER00009946,1,1,100,1
USER00009493,1,1,100,1
USER00009431,1,1,100,1
USER00001414,1,1,100,1
USER00002936,1,1,100,1
USER00001446,1,1,100,1
USER00002181,1,1,100,1
USER00002010,1,1,100,1
USER00006388,1,1,100,1
USER00004176,1,1,100,1
USER00005610,1,1,100,1
USER00000415,1,1,100,1
USER00002171,1,1,100,1
USER00000392,1,1,100,1
USER00001522,1,1,100,1
USER00002486,1,1,100,1
USER00002111,1,1,100,1
USER00000434,1,1,100,1
USER00004389,1,1,100,1
USER00002157,1,1,100,1
USER00006644,1,1,100,1
USER00007720,1,1,100,1
USER00007372,1,1,100,1
USER00002587,1,1,100,1
USER00007872,1,1,100,1
USER00007623,1,1,100,1
USER00008761,1,1,100,1
USER00008939,1,1,100,1
USER00009979,1,1,100,1
USER00009109,1,1,100,1
USER00008954,1,1,100,1
USER00008413,1,1,100,1
USER00009861,1,1,100,1
USER00000719,1,1,100,1
USER00007575,1,1,100,1
USER00007823,1,1,100,1
USER00006831,1,1,100,1
USER00002320,1,1,100,1
USER00003746,1,1,100,1
USER00003162,1,1,100,1
USER00003842,1,1,100,1
USER00002890,1,1,100,1
USER00009287,1,1,100,1
USER00004702,1,1,100,1
USER00007246,1,1,100,1
USER00006065,1,1,100,1
USER00001980,1,1,100,1
USER00007868,1,1,100,1
USER00006790,1,1,100,1
USER00001892,1,1,100,1
USER00006500,1,1,100,1
USER00006650,1,1,100,1
USER00005591,1,1,100,1
USER00001948,1,1,100,1
USER00001837,1,1,100,1
USER00003888,1,1,100,1
USER00002289,1,1,100,1
USER00007307,1,1,100,1
USER00002547,1,1,100,1
USER00007279,1,1,100,1
USER00000082,1,1,100,1
USER00001598,1,1,100,1
USER00000859,1,1,100,1
USER00003349,1,1,100,1
USER00008849,1,1,100,1
USER00009808,1,1,100,1
USER00008999,1,1,100,1
USER00004259,1,1,100,1
USER00003023,1,1,100,1
USER00007636,1,1,100,1
USER00005439,1,1,100,1
USER00002667,1,1,100,1
USER00005082,1,1,100,1
USER00005055,1,1,100,1
USER00000247,1,1,100,1
USER00005692,1,1,100,1
USER00006105,1,1,100,1
USER00003691,1,1,100,1
USER00000055,1,1,100,1
USER00002426,1,1,100,1
USER00000532,1,1,100,1
USER00004531,1,1,100,1
USER00007267,1,1,100,1
USER00002082,1,1,100,1
USER00007631,1,1,100,1
USER00000271,1,1,100,1
USER00001610,1,1,100,1
USER00009201,1,1,100,1
USER00008858,1,1,100,1
USER00008445,1,1,100,1
USER00008041,1,1,100,1
USER00005222,1,1,100,1
USER00001391,1,1,100,1
USER00001804,1,1,100,1
USER00006165,1,1,100,1
USER00005578,1,1,100,1
USER00003080,1,1,100,1
USER00007605,1,1,100,1
USER00003288,1,1,100,1
USER00002240,1,1,100,1
USER00006249,1,1,100,1
USER00003308,1,1,100,1
USER00002924,1,1,100,1
USER00002477,1,1,100,1
USER00001104,1,1,100,1
USER00000876,1,1,100,1
USER00005281,1,1,100,1
USER00006189,1,1,100,1
USER00002837,1,1,100,1
USER00007070,1,1,100,1
USER00001031,1,1,100,1
USER00007637,1,1,100,1
USER00005234,1,1,100,1
USER00007165,1,1,100,1
USER00006421,1,1,100,1
USER00001716,1,1,100,1
USER00008478,1,1,100,1
USER00008607,1,1,100,1
USER00009793,1,1,100,1
USER00009369,1,1,100,1
USER00008625,1,1,100,1
USER00000966,1,1,100,1
USER00002882,1,1,100,1
USER00004367,1,1,100,1
USER00006020,1,1,100,1
USER00000170,1,1,100,1
USER00001856,1,1,100,1
USER00004688,1,1,100,1
USER00007730,1,1,100,1
USER00000443,1,1,100,1
USER00001929,1,1,100,1
USER00009017,1,1,100,1
USER00009166,1,1,100,1
USER00009305,1,1,100,1
USER00009034,1,1,100,1
USER00007899,1,1,100,1
USER00008651,1,1,100,1
USER00001552,1,1,100,1
USER00007144,1,1,100,1
USER00002654,1,1,100,1
USER00000987,1,1,100,1
USER00002198,1,1,100,1
USER00007692,1,1,100,1
USER00002038,1,1,100,1
USER00002994,1,1,100,1
USER00005292,1,1,100,1
USER00001545,1,1,100,1
USER00006834,1,1,100,1
USER00001087,1,1,100,1
USER00004114,1,1,100,1
USER00001902,1,1,100,1
USER00007488,1,1,100,1
USER00006778,1,1,100,1
USER00007593,1,1,100,1
USER00001131,1,1,100,1
USER00007081,1,1,100,1
USER00001409,1,1,100,1
USER00001777,1,1,100,1
USER00004040,1,1,100,1
USER00004252,1,1,100,1
USER00009976,1,1,100,1
USER00008744,1,1,100,1
USER00009627,1,1,100,1
USER00008339,1,1,100,1
USER00008677,1,1,100,1
USER00008412,1,1,100,1
USER00000155,1,1,100,1
USER00005250,1,1,100,1
USER00002597,1,1,100,1
USER00001476,1,1,100,1
USER00003961,1,1,100,1
USER00000630,1,1,100,1
USER00001595,1,1,100,1
USER00000687,1,1,100,1
USER00002242,1,1,100,1
USER00002429,1,1,100,1
USER00003180,1,1,100,1
USER00002727,1,1,100,1
USER00002460,1,1,100,1
USER00001080,1,1,100,1
USER00006331,1,1,100,1
USER00001648,1,1,100,1
USER00000439,1,1,100,1
USER00006271,1,1,100,1
USER00002239,1,1,100,1
USER00004579,1,1,100,1
USER00004915,1,1,100,1
USER00002671,1,1,100,1
USER00000754,1,1,100,1
USER00007563,1,1,100,1
USER00003468,1,1,100,1
USER00009456,1,1,100,1
USER00009504,1,1,100,1
USER00008433,1,1,100,1
USER00009129,1,1,100,1
USER00008281,1,1,100,1
USER00008775,1,1,100,1
USER00008444,1,1,100,1
USER00009481,1,1,100,1
USER00009751,1,1,100,1
USER00005571,1,1,100,1
USER00003445,1,1,100,1
USER00004808,1,1,100,1
USER00001474,1,1,100,1
USER00007665,1,1,100,1
USER00002835,1,1,100,1
USER00004301,1,1,100,1
USER00007341,1,1,100,1
USER00003907,1,1,100,1
USER00001525,1,1,100,1
USER00003069,1,1,100,1
USER00007002,1,1,100,1
USER00002463,1,1,100,1
USER00003442,1,1,100,1
USER00005586,1,1,100,1
USER00003041,1,1,100,1
USER00002285,1,1,100,1
USER00005370,1,1,100,1
USER00001635,1,1,100,1
USER00005782,1,1,100,1
USER00009802,1,1,100,1
USER00009438,1,1,100,1
USER00008375,1,1,100,1
USER00008717,1,1,100,1
USER00008594,1,1,100,1
USER00003785,1,1,100,1
USER00005676,1,1,100,1
USER00000099,1,1,100,1
USER00007815,1,1,100,1
USER00005934,1,1,100,1
USER00003244,1,1,100,1
USER00003908,1,1,100,1
USER00004355,1,1,100,1
USER00006141,1,1,100,1
USER00000752,1,1,100,1
USER00006478,1,1,100,1
USER00004830,1,1,100,1
USER00006887,1,1,100,1
USER00006286,1,1,100,1
USER00003805,1,1,100,1
USER00001999,1,1,100,1
USER00001359,1,1,100,1
USER00001141,1,1,100,1
USER00002428,1,1,100,1
USER00006609,1,1,100,1
USER00003474,1,1,100,1
USER00002187,1,1,100,1
USER00006019,1,1,100,1
USER00003253,1,1,100,1
USER00000187,1,1,100,1
USER00003064,1,1,100,1
USER00008197,1,1,100,1
USER00008029,1,1,100,1
USER00008501,1,1,100,1
USER00000369,1,1,100,1
USER00001664,1,1,100,1
USER00001007,1,1,100,1
USER00007285,1,1,100,1
USER00000510,1,1,100,1
USER00007296,1,1,100,1
USER00000978,1,1,100,1
USER00003136,1,1,100,1
USER00000635,1,1,100,1
USER00001734,1,1,100,1
USER00005739,1,1,100,1
USER00001432,1,1,100,1
USER00006640,1,1,100,1
USER00005554,1,1,100,1
USER00006721,1,1,100,1
USER00007374,1,1,100,1
USER00000564,1,1,100,1
USER00004554,1,1,100,1
USER00001316,1,1,100,1
USER00002583,1,1,100,1
USER00007079,1,1,100,1
USER00005881,1,1,100,1
USER00001256,1,1,100,1
USER00007890,1,1,100,1
USER00006621,1,1,100,1
USER00005221,1,1,100,1
USER00002825,1,1,100,1
USER00003336,1,1,100,1
USER00004078,1,1,100,1
USER00006820,1,1,100,1
USER00002551,1,1,100,1
USER00003610,1,1,100,1
USER00005985,1,1,100,1
USER00002462,1,1,100,1
USER00007053,1,1,100,1
USER00004006,1,1,100,1
USER00001662,1,1,100,1
USER00000304,1,1,100,1
USER00003486,1,1,100,1
USER00001656,1,1,100,1
USER00002213,1,1,100,1
USER00007784,1,1,100,1
USER00007055,1,1,100,1
USER00006215,1,1,100,1
USER00003056,1,1,100,1
USER00009650,1,1,100,1
USER00008430,1,1,100,1
USER00009552,1,1,100,1
USER00008551,1,1,100,1
USER00008309,1,1,100,1
USER00008832,1,1,100,1
USER00008721,1,1,100,1
USER00008054,1,1,100,1
USER00001065,1,1,100,1
USER00002346,1,1,100,1
USER00005952,1,1,100,1
USER00002699,1,1,100,1
USER00007061,1,1,100,1
USER00000144,1,1,100,1
USER00000171,1,1,100,1
USER00002553,1,1,100,1
USER00005764,1,1,100,1
USER00001271,1,1,100,1
USER00007492,1,1,100,1
USER00002980,1,1,100,1
USER00001433,1,1,100,1
USER00004813,1,1,100,1
USER00000278,1,1,100,1
USER00000878,1,1,100,1
USER00004930,1,1,100,1
USER00006812,1,1,100,1
USER00008523,1,1,100,1
USER00008491,1,1,100,1
USER00007931,1,1,100,1
USER00009645,1,1,100,1
USER00009195,1,1,100,1
USER00009621,1,1,100,1
USER00009590,1,1,100,1
USER00008099,1,1,100,1
USER00004947,1,1,100,1
USER00004598,1,1,100,1
USER00001928,1,1,100,1
USER00004428,1,1,100,1
USER00002015,1,1,100,1
USER00005371,1,1,100,1
USER00001442,1,1,100,1
USER00002537,1,1,100,1
USER00006318,1,1,100,1
USER00006471,1,1,100,1
USER00001436,1,1,100,1
USER00007808,1,1,100,1
USER00001908,1,1,100,1
USER00002758,1,1,100,1
USER00004232,1,1,100,1
USER00005330,1,1,100,1
USER00008289,1,1,100,1
USER00008522,1,1,100,1
USER00009432,1,1,100,1
USER00008608,1,1,100,1
USER00006468,1,1,100,1
USER00002959,1,1,100,1
USER00004354,1,1,100,1
USER00007664,1,1,100,1
USER00003307,1,1,100,1
USER00002983,1,1,100,1
USER00002484,1,1,100,1
USER00002923,1,1,100,1
USER00006987,1,1,100,1
USER00002394,1,1,100,1
USER00006840,1,1,100,1
USER00000566,1,1,100,1
USER00002365,1,1,100,1
USER00004132,1,1,100,1
USER00000230,1,1,100,1
USER00007479,1,1,100,1
USER00008123,1,1,100,1
USER00009960,1,1,100,1
USER00008600,1,1,100,1
USER00009449,1,1,100,1
USER00007877,1,1,100,1
USER00000092,1,1,100,1
USER00007828,1,1,100,1
USER00005132,1,1,100,1
USER00006288,1,1,100,1
USER00006013,1,1,100,1
USER00007354,1,1,100,1
USER00003536,1,1,100,1
USER00000165,1,1,100,1
USER00001673,1,1,100,1
USER00002548,1,1,100,1
USER00000549,1,1,100,1
USER00004820,1,1,100,1
USER00007112,1,1,100,1
USER00003265,1,1,100,1
USER00009680,1,1,100,1
USER00008490,1,1,100,1
USER00006292,1,1,100,1
USER00001773,1,1,100,1
USER00006604,1,1,100,1
USER00000232,1,1,100,1
USER00004922,1,1,100,1
USER00004902,1,1,100,1
USER00003092,1,1,100,1
USER00004094,1,1,100,1
USER00001800,1,1,100,1
USER00000801,1,1,100,1
USER00003462,1,1,100,1
USER00004931,1,1,100,1
USER00002719,1,1,100,1
USER00007080,1,1,100,1
USER00006852,1,1,100,1
USER00005497,1,1,100,1
USER00003191,1,1,100,1
USER00006869,1,1,100,1
USER00009886,1,1,100,1
USER00009712,1,1,100,1
USER00008357,1,1,100,1
USER00009061,1,1,100,1
USER00008118,1,1,100,1
USER00008450,1,1,100,1
USER00006263,1,1,100,1
USER00003225,1,1,100,1
USER00000238,1,1,100,1
USER00007140,1,1,100,1
USER00001096,1,1,100,1
USER00005489,1,1,100,1
USER00000467,1,1,100,1
USER00001904,1,1,100,1
USER00007122,1,1,100,1
USER00001877,1,1,100,1
USER00006542,1,1,100,1
USER00001149,1,1,100,1
USER00006547,1,1,100,1
USER00002801,1,1,100,1
USER00001223,1,1,100,1
USER00008546,1,1,100,1
USER00007957,1,1,100,1
USER00009214,1,1,100,1
USER00008366,1,1,100,1
USER00008236,1,1,100,1
USER00008912,1,1,100,1
USER00009372,1,1,100,1
USER00008715,1,1,100,1
USER00008085,1,1,100,1
USER00008241,1,1,100,1
USER00008911,1,1,100,1
USER00009403,1,1,100,1
USER00008239,1,1,100,1
USER00002743,1,1,100,1
USER00004466,1,1,100,1
USER00007800,1,1,100,1
USER00007867,1,1,100,1
USER00007752,1,1,100,1
USER00003067,1,1,100,1
USER00002993,1,1,100,1
USER00004048,1,1,100,1
USER00000929,1,1,100,1
USER00004447,1,1,100,1
USER00005121,1,1,100,1
USER00005740,1,1,100,1
USER00003275,1,1,100,1
USER00005667,1,1,100,1
USER00005363,1,1,100,1
USER00006562,1,1,100,1
USER00001710,1,1,100,1
USER00007338,1,1,100,1
USER00005156,1,1,100,1
USER00004255,1,1,100,1
USER00003937,1,1,100,1
USER00002668,1,1,100,1
USER00005172,1,1,100,1
USER00008449,1,1,100,1
USER00008115,1,1,100,1
USER00008572,1,1,100,1
USER00009039,1,1,100,1
USER00009440,1,1,100,1
USER00009448,1,1,100,1
USER00009311,1,1,100,1
USER00006426,1,1,100,1
USER00000712,1,1,100,1
USER00002018,1,1,100,1
USER00000488,1,1,100,1
USER00007330,1,1,100,1
USER00006195,1,1,100,1
USER00004926,1,1,100,1
USER00003034,1,1,100,1
USER00006128,1,1,100,1
USER00004119,1,1,100,1
USER00002007,1,1,100,1
USER00001387,1,1,100,1
USER00004563,1,1,100,1
USER00004780,1,1,100,1
USER00003242,1,1,100,1
USER00004237,1,1,100,1
USER00003251,1,1,100,1
USER00001134,1,1,100,1
USER00000036,1,1,100,1
USER00001372,1,1,100,1
USER00001397,1,1,100,1
USER00003604,1,1,100,1
USER00000787,1,1,100,1
USER00003669,1,1,100,1
USER00000269,1,1,100,1
USER00005702,1,1,100,1
USER00006088,1,1,100,1
USER00005328,1,1,100,1
USER00003577,1,1,100,1
USER00005817,1,1,100,1
USER00008641,1,1,100,1
USER00009580,1,1,100,1
USER00009619,1,1,100,1
USER00006329,1,1,100,1
USER00005656,1,1,100,1
USER00005867,1,1,100,1
USER00000365,1,1,100,1
USER00001935,1,1,100,1
USER00005423,1,1,100,1
USER00006836,1,1,100,1
USER00000363,1,1,100,1
USER00004073,1,1,100,1
USER00003939,1,1,100,1
USER00000464,1,1,100,1
USER00003302,1,1,100,1
USER00005931,1,1,100,1
USER00005801,1,1,100,1
USER00000476,1,1,100,1
USER00002134,1,1,100,1
USER00005889,1,1,100,1
USER00001423,1,1,100,1
USER00003833,1,1,100,1
USER00009579,1,1,100,1
USER00008621,1,1,100,1
USER00008446,1,1,100,1
USER00008521,1,1,100,1
USER00008479,1,1,100,1
USER00008420,1,1,100,1
USER00009876,1,1,100,1
USER00009383,1,1,100,1
USER00004856,1,1,100,1
USER00000663,1,1,100,1
USER00001692,1,1,100,1
USER00007353,1,1,100,1
USER00003353,1,1,100,1
USER00004194,1,1,100,1
USER00004640,1,1,100,1
USER00000651,1,1,100,1
USER00005527,1,1,100,1
USER00005992,1,1,100,1
USER00000627,1,1,100,1
USER00001118,1,1,100,1
USER00006055,1,1,100,1
USER00000315,1,1,100,1
USER00005332,1,1,100,1
USER00004481,1,1,100,1
USER00004964,1,1,100,1
USER00004045,1,1,100,1
USER00009116,1,1,100,1
USER00009399,1,1,100,1
USER00008952,1,1,100,1
USER00008116,1,1,100,1
USER00008488,1,1,100,1
USER00008300,1,1,100,1
USER00003882,1,1,100,1
USER00003777,1,1,100,1
USER00000959,1,1,100,1
USER00005176,1,1,100,1
USER00005421,1,1,100,1
USER00007262,1,1,100,1
USER00004131,1,1,100,1
USER00001973,1,1,100,1
USER00003093,1,1,100,1
USER00004725,1,1,100,1
USER00000494,1,1,100,1
USER00004508,1,1,100,1
USER00003505,1,1,100,1
USER00007340,1,1,100,1
USER00003238,1,1,100,1
USER00004518,1,1,100,1
USER00002003,1,1,100,1
USER00002019,1,1,100,1
USER00002838,1,1,100,1
USER00004543,1,1,100,1
USER00004913,1,1,100,1
USER00006703,1,1,100,1
USER00001512,1,1,100,1
USER00003115,1,1,100,1
USER00002873,1,1,100,1
USER00000075,1,1,100,1
USER00008082,1,1,100,1
USER00009377,1,1,100,1
USER00008646,1,1,100,1
USER00008211,1,1,100,1
USER00009925,1,1,100,1
USER00009010,1,1,100,1
USER00005751,1,1,100,1
USER00001133,1,1,100,1
USER00007370,1,1,100,1
USER00007714,1,1,100,1
USER00002138,1,1,100,1
USER00004353,1,1,100,1
USER00000483,1,1,100,1
USER00006461,1,1,100,1
USER00001823,1,1,100,1
USER00007552,1,1,100,1
USER00004235,1,1,100,1
USER00003293,1,1,100,1
USER00004665,1,1,100,1
USER00002543,1,1,100,1
USER00004802,1,1,100,1
USER00007155,1,1,100,1
USER00002664,1,1,100,1
USER00004516,1,1,100,1
USER00004747,1,1,100,1
USER00004742,1,1,100,1
USER00005747,1,1,100,1
USER00002948,1,1,100,1
USER00007422,1,1,100,1
USER00005677,1,1,100,1
USER00008067,1,1,100,1
USER00007933,1,1,100,1
USER00008648,1,1,100,1
USER00009923,1,1,100,1
USER00007954,1,1,100,1
USER00008696,1,1,100,1
USER00004327,1,1,100,1
USER00003573,1,1,100,1
USER00006154,1,1,100,1
USER00006659,1,1,100,1
USER00001581,1,1,100,1
USER00006806,1,1,100,1
USER00001699,1,1,100,1
USER00000490,1,1,100,1
USER00005437,1,1,100,1
USER00001448,1,1,100,1
USER00005944,1,1,100,1
USER00000342,1,1,100,1
USER00005008,1,1,100,1
USER00000459,1,1,100,1
USER00006209,1,1,100,1
USER00001098,1,1,100,1
USER00002183,1,1,100,1
USER00004700,1,1,100,1
USER00001561,1,1,100,1
USER00007204,1,1,100,1
USER00007258,1,1,100,1
USER00005027,1,1,100,1
USER00008427,1,1,100,1
USER00007947,1,1,100,1
USER00008192,1,1,100,1
USER00009594,1,1,100,1
USER00000880,1,1,100,1
USER00007057,1,1,100,1
USER00005394,1,1,100,1
USER00004576,1,1,100,1
USER00003901,1,1,100,1
USER00004795,1,1,100,1
USER00007005,1,1,100,1
USER00000990,1,1,100,1
USER00003876,1,1,100,1
USER00001708,1,1,100,1
USER00006917,1,1,100,1
USER00007801,1,1,100,1
USER00003959,1,1,100,1
USER00005425,1,1,100,1
USER00003766,1,1,100,1
USER00002480,1,1,100,1
USER00009314,1,1,100,1
USER00009174,1,1,100,1
USER00009669,1,1,100,1
USER00008878,1,1,100,1
USER00007228,1,1,100,1
USER00002039,1,1,100,1
USER00000132,1,1,100,1
USER00000314,1,1,100,1
USER00007663,1,1,100,1
USER00002996,1,1,100,1
USER00001074,1,1,100,1
USER00004534,1,1,100,1
USER00005915,1,1,100,1
USER00004789,1,1,100,1
USER00000762,1,1,100,1
USER00006034,1,1,100,1
USER00003794,1,1,100,1
USER00004912,1,1,100,1
USER00007020,1,1,100,1
USER00002579,1,1,100,1
USER00002266,1,1,100,1
USER00004505,1,1,100,1
USER00008272,1,1,100,1
USER00009695,1,1,100,1
USER00008055,1,1,100,1
USER00009378,1,1,100,1
USER00009451,1,1,100,1
USER00009211,1,1,100,1
USER00009826,1,1,100,1
USER00006132,1,1,100,1
USER00006828,1,1,100,1
USER00006371,1,1,100,1
USER00006568,1,1,100,1
USER00006000,1,1,100,1
USER00004412,1,1,100,1
USER00003884,1,1,100,1
USER00000794,1,1,100,1
USER00003255,1,1,100,1
USER00005598,1,1,100,1
USER00007163,1,1,100,1
USER00005179,1,1,100,1
USER00000209,1,1,100,1
USER00001778,1,1,100,1
USER00000755,1,1,100,1
USER00008358,1,1,100,1
USER00009425,1,1,100,1
USER00009612,1,1,100,1
USER00009065,1,1,100,1
USER00006880,1,1,100,1
USER00000262,1,1,100,1
USER00003543,1,1,100,1
USER00001873,1,1,100,1
USER00005972,1,1,100,1
USER00005235,1,1,100,1
USER00002304,1,1,100,1
USER00002243,1,1,100,1
USER00007328,1,1,100,1
USER00005560,1,1,100,1
USER00007214,1,1,100,1
USER00003490,1,1,100,1
USER00004172,1,1,100,1
USER00006833,1,1,100,1
USER00002848,1,1,100,1
USER00009963,1,1,100,1
USER00008817,1,1,100,1
USER00009171,1,1,100,1
USER00009295,1,1,100,1
USER00008007,1,1,100,1
USER00009260,1,1,100,1
USER00000757,1,1,100,1
USER00006184,1,1,100,1
USER00007588,1,1,100,1
USER00007468,1,1,100,1
USER00002995,1,1,100,1
USER00003315,1,1,100,1
USER00004240,1,1,100,1
USER00001509,1,1,100,1
USER00004934,1,1,100,1
USER00004620,1,1,100,1
USER00009004,1,1,100,1
USER00009629,1,1,100,1
USER00008105,1,1,100,1
USER00008809,1,1,100,1
USER00009337,1,1,100,1
USER00009656,1,1,100,1
USER00000620,1,1,100,1
USER00002067,1,1,100,1
USER00000536,1,1,100,1
USER00000513,1,1,100,1
USER00001868,1,1,100,1
USER00000565,1,1,100,1
USER00006497,1,1,100,1
USER00006944,1,1,100,1
USER00005720,1,1,100,1
USER00001431,1,1,100,1
USER00007324,1,1,100,1
USER00003991,1,1,100,1
USER00007058,1,1,100,1
USER00004622,1,1,100,1
USER00005629,1,1,100,1
USER00001500,1,1,100,1
USER00002909,1,1,100,1
USER00005453,1,1,100,1
USER00007982,1,1,100,1
USER00008489,1,1,100,1
USER00009975,1,1,100,1
USER00008160,1,1,100,1
USER00009285,1,1,100,1
USER00008316,1,1,100,1
USER00008216,1,1,100,1
USER00004712,1,1,100,1
USER00003865,1,1,100,1
USER00003329,1,1,100,1
USER00007197,1,1,100,1
USER00002751,1,1,100,1
USER00000373,1,1,100,1
USER00000618,1,1,100,1
USER00003962,1,1,100,1
USER00005411,1,1,100,1
USER00005224,1,1,100,1
USER00005405,1,1,100,1
USER00006587,1,1,100,1
USER00001507,1,1,100,1
USER00001226,1,1,100,1
USER00002843,1,1,100,1
USER00005408,1,1,100,1
USER00006876,1,1,100,1
USER00008395,1,1,100,1
USER00008870,1,1,100,1
USER00009957,1,1,100,1
USER00008829,1,1,100,1
USER00009487,1,1,100,1
USER00004485,1,1,100,1
USER00000638,1,1,100,1
USER00003487,1,1,100,1
USER00006082,1,1,100,1
USER00003826,1,1,100,1
USER00000475,1,1,100,1
USER00003940,1,1,100,1
USER00000562,1,1,100,1
USER00007150,1,1,100,1
USER00000595,1,1,100,1
USER00004026,1,1,100,1
USER00002808,1,1,100,1
USER00003331,1,1,100,1
USER00003059,1,1,100,1
USER00001702,1,1,100,1
USER00005735,1,1,100,1
USER00005447,1,1,100,1
USER00003386,1,1,100,1
USER00007481,1,1,100,1
USER00003437,1,1,100,1
USER00009358,1,1,100,1
USER00008723,1,1,100,1
USER00009773,1,1,100,1
USER00008666,1,1,100,1
USER00008970,1,1,100,1
USER00009734,1,1,100,1
USER00009779,1,1,100,1
USER00009932,1,1,100,1
USER00000498,1,1,100,1
USER00004274,1,1,100,1
USER00006357,1,1,100,1
USER00003673,1,1,100,1
USER00003709,1,1,100,1
USER00004597,1,1,100,1
USER00005861,1,1,100,1
USER00001883,1,1,100,1
USER00005530,1,1,100,1
USER00005711,1,1,100,1
USER00002917,1,1,100,1
USER00000227,1,1,100,1
USER00002390,1,1,100,1
USER00005559,1,1,100,1
USER00002217,1,1,100,1
USER00001724,1,1,100,1
USER00002136,1,1,100,1
USER00006653,1,1,100,1
USER00005226,1,1,100,1
USER00002685,1,1,100,1
USER00007062,1,1,100,1
USER00001336,1,1,100,1
USER00003960,1,1,100,1
USER00002857,1,1,100,1
USER00007413,1,1,100,1
USER00008383,1,1,100,1
USER00009230,1,1,100,1
USER00008230,1,1,100,1
USER00008343,1,1,100,1
USER00007406,1,1,100,1
USER00005480,1,1,100,1
USER00000689,1,1,100,1
USER00005899,1,1,100,1
USER00004009,1,1,100,1
USER00001924,1,1,100,1
USER00007723,1,1,100,1
USER00003476,1,1,100,1
USER00000716,1,1,100,1
USER00007090,1,1,100,1
USER00005588,1,1,100,1
USER00001503,1,1,100,1
USER00007486,1,1,100,1
USER00002754,1,1,100,1
USER00003942,1,1,100,1
USER00000293,1,1,100,1
USER00006539,1,1,100,1
USER00003354,1,1,100,1
USER00004347,1,1,100,1
USER00005876,1,1,100,1
USER00005054,1,1,100,1
USER00001798,1,1,100,1
USER00006865,1,1,100,1
USER00007152,1,1,100,1
USER00008962,1,1,100,1
USER00008242,1,1,100,1
USER00009488,1,1,100,1
USER00009984,1,1,100,1
USER00008290,1,1,100,1
USER00008855,1,1,100,1
USER00000047,1,1,100,1
USER00006109,1,1,100,1
USER00005005,1,1,100,1
USER00005178,1,1,100,1
USER00004453,1,1,100,1
USER00002146,1,1,100,1
USER00001310,1,1,100,1
USER00006407,1,1,100,1
USER00001473,1,1,100,1
USER00006332,1,1,100,1
USER00003492,1,1,100,1
USER00006027,1,1,100,1
USER00003912,1,1,100,1
USER00006217,1,1,100,1
USER00004992,1,1,100,1
USER00001346,1,1,100,1
USER00001563,1,1,100,1
USER00004937,1,1,100,1
USER00006576,1,1,100,1
USER00003569,1,1,100,1
USER00009908,1,1,100,1
USER00009717,1,1,100,1
USER00009298,1,1,100,1
USER00004847,1,1,100,1
USER00007407,1,1,100,1
USER00007329,1,1,100,1
USER00006050,1,1,100,1
USER00007817,1,1,100,1
USER00001783,1,1,100,1
USER00003584,1,1,100,1
USER00006073,1,1,100,1
USER00007609,1,1,100,1
USER00006751,1,1,100,1
USER00007549,1,1,100,1
USER00002098,1,1,100,1
USER00002596,1,1,100,1
USER00007727,1,1,100,1
USER00001819,1,1,100,1
USER00002291,1,1,100,1
USER00005697,1,1,100,1
USER00003933,1,1,100,1
USER00003417,1,1,100,1
USER00008811,1,1,100,1
USER00008416,1,1,100,1
USER00009576,1,1,100,1
USER00009840,1,1,100,1
USER00008965,1,1,100,1
USER00009244,1,1,100,1
USER00008874,1,1,100,1
USER00008945,1,1,100,1
USER00008787,1,1,100,1
USER00005291,1,1,100,1
USER00001333,1,1,100,1
USER00002976,1,1,100,1
USER00007792,1,1,100,1
USER00002472,1,1,100,1
USER00000481,1,1,100,1
USER00006247,1,1,100,1
USER00001295,1,1,100,1
USER00003734,1,1,100,1
USER00003685,1,1,100,1
USER00004852,1,1,100,1
USER00007607,1,1,100,1
USER00008652,1,1,100,1
USER00008136,1,1,100,1
USER00009387,1,1,100,1
USER00002090,1,1,100,1
USER00005713,1,1,100,1
USER00001755,1,1,100,1
USER00004123,1,1,100,1
USER00003729,1,1,100,1
USER00000988,1,1,100,1
USER00007659,1,1,100,1
USER00004322,1,1,100,1
USER00002794,1,1,100,1
USER00007656,1,1,100,1
USER00002852,1,1,100,1
USER00000760,1,1,100,1
USER00001574,1,1,100,1
USER00003102,1,1,100,1
USER00000813,1,1,100,1
USER00003732,1,1,100,1
USER00006661,1,1,100,1
USER00006406,1,1,100,1
USER00004743,1,1,100,1
USER00007088,1,1,100,1
USER00000682,1,1,100,1
USER00004536,1,1,100,1
USER00005340,1,1,100,1
USER00006160,1,1,100,1
USER00001916,1,1,100,1
USER00002953,1,1,100,1
USER00008831,1,1,100,1
USER00008020,1,1,100,1
USER00009664,1,1,100,1
USER00009567,1,1,100,1
USER00007910,1,1,100,1
USER00009853,1,1,100,1
USER00009332,1,1,100,1
USER00008471,1,1,100,1
USER00008232,1,1,100,1
USER00000375,1,1,100,1
USER00002177,1,1,100,1
USER00000017,1,1,100,1
USER00004207,1,1,100,1
USER00006356,1,1,100,1
USER00003743,1,1,100,1
USER00001365,1,1,100,1
USER00007022,1,1,100,1
USER00001619,1,1,100,1
USER00000484,1,1,100,1
USER00002960,1,1,100,1
USER00005351,1,1,100,1
USER00006001,1,1,100,1
USER00004002,1,1,100,1
USER00003877,1,1,100,1
USER00003660,1,1,100,1
USER00003593,1,1,100,1
USER00001236,1,1,100,1
USER00005616,1,1,100,1
USER00005757,1,1,100,1
USER00000140,1,1,100,1
USER00006341,1,1,100,1
USER00000068,1,1,100,1
USER00009048,1,1,100,1
USER00009160,1,1,100,1
USER00009625,1,1,100,1
USER00009707,1,1,100,1
USER00008630,1,1,100,1
USER00009204,1,1,100,1
USER00009820,1,1,100,1
USER00005227,1,1,100,1
USER00000160,1,1,100,1
USER00002159,1,1,100,1
USER00006890,1,1,100,1
USER00001677,1,1,100,1
USER00005368,1,1,100,1
USER00007758,1,1,100,1
USER00001614,1,1,100,1
USER00000425,1,1,100,1
USER00003675,1,1,100,1
USER00000690,1,1,100,1
USER00007024,1,1,100,1
USER00003254,1,1,100,1
USER00002481,1,1,100,1
USER00005358,1,1,100,1
USER00002279,1,1,100,1
USER00007811,1,1,100,1
USER00007060,1,1,100,1
USER00006797,1,1,100,1
USER00005361,1,1,100,1
USER00007896,1,1,100,1
USER00000453,1,1,100,1
USER00003415,1,1,100,1
USER00003783,1,1,100,1
USER00009517,1,1,100,1
USER00008329,1,1,100,1
USER00009472,1,1,100,1
USER00009882,1,1,100,1
USER00009392,1,1,100,1
USER00003195,1,1,100,1
USER00005974,1,1,100,1
USER00006541,1,1,100,1
USER00000853,1,1,100,1
USER00002271,1,1,100,1
USER00000162,1,1,100,1
USER00003623,1,1,100,1
USER00001101,1,1,100,1
USER00002004,1,1,100,1
USER00006012,1,1,100,1
USER00004790,1,1,100,1
USER00000341,1,1,100,1
USER00006048,1,1,100,1
USER00002613,1,1,100,1
USER00004238,1,1,100,1
USER00006276,1,1,100,1
USER00006918,1,1,100,1
USER00007634,1,1,100,1
USER00004090,1,1,100,1
USER00009675,1,1,100,1
USER00008411,1,1,100,1
USER00008698,1,1,100,1
USER00007973,1,1,100,1
USER00004896,1,1,100,1
USER00003749,1,1,100,1
USER00002449,1,1,100,1
USER00006039,1,1,100,1
USER00002787,1,1,100,1
USER00004721,1,1,100,1
USER00004572,1,1,100,1
USER00001043,1,1,100,1
USER00005862,1,1,100,1
USER00005218,1,1,100,1
USER00003323,1,1,100,1
USER00002506,1,1,100,1
USER00001298,1,1,100,1
USER00009375,1,1,100,1
USER00008036,1,1,100,1
USER00008664,1,1,100,1
USER00009025,1,1,100,1
USER00009737,1,1,100,1
USER00009660,1,1,100,1
USER00009729,1,1,100,1
USER00007297,1,1,100,1
USER00005196,1,1,100,1
USER00001751,1,1,100,1
USER00004129,1,1,100,1
USER00003404,1,1,100,1
USER00005277,1,1,100,1
USER00007229,1,1,100,1
USER00000547,1,1,100,1
USER00002632,1,1,100,1
USER00000364,1,1,100,1
USER00005921,1,1,100,1
USER00002362,1,1,100,1
USER00001312,1,1,100,1
USER00001459,1,1,100,1
USER00004239,1,1,100,1
USER00000819,1,1,100,1
USER00008564,1,1,100,1
USER00009914,1,1,100,1
USER00007948,1,1,100,1
USER00009238,1,1,100,1
USER00008429,1,1,100,1
USER00009092,1,1,100,1
USER00009360,1,1,100,1
USER00008589,1,1,100,1
USER00003944,1,1,100,1
USER00004621,1,1,100,1
USER00002637,1,1,100,1
USER00002734,1,1,100,1
USER00001739,1,1,100,1
USER00003928,1,1,100,1
USER00003450,1,1,100,1
USER00000533,1,1,100,1
USER00006032,1,1,100,1
USER00000780,1,1,100,1
USER00006681,1,1,100,1
USER00001289,1,1,100,1
USER00000213,1,1,100,1
USER00006480,1,1,100,1
USER00003818,1,1,100,1
USER00002368,1,1,100,1
USER00001022,1,1,100,1
USER00001328,1,1,100,1
USER00000252,1,1,100,1
USER00007427,1,1,100,1
USER00003143,1,1,100,1
USER00004758,1,1,100,1
USER00004714,1,1,100,1
USER00009687,1,1,100,1
USER00008325,1,1,100,1
USER00009427,1,1,100,1
USER00008614,1,1,100,1
USER00009299,1,1,100,1
USER00008006,1,1,100,1
USER00008091,1,1,100,1
USER00000223,1,1,100,1
USER00003916,1,1,100,1
USER00001467,1,1,100,1
USER00004885,1,1,100,1
USER00003434,1,1,100,1
USER00003281,1,1,100,1
USER00002708,1,1,100,1
USER00004659,1,1,100,1
USER00007806,1,1,100,1
USER00000377,1,1,100,1
USER00001200,1,1,100,1
USER00006517,1,1,100,1
USER00003202,1,1,100,1
USER00001320,1,1,100,1
USER00006770,1,1,100,1
USER00002822,1,1,100,1
USER00001440,1,1,100,1
USER00004706,1,1,100,1
USER00001866,1,1,100,1
USER00005194,1,1,100,1
USER00001196,1,1,100,1
USER00000543,1,1,100,1
USER00002589,1,1,100,1
USER00006366,1,1,100,1
USER00007256,1,1,100,1
USER00001412,1,1,100,1
USER00001036,1,1,100,1
USER00000413,1,1,100,1
USER00008356,1,1,100,1
USER00009715,1,1,100,1
USER00008424,1,1,100,1
USER00008114,1,1,100,1
USER00008213,1,1,100,1
USER00009462,1,1,100,1
USER00000270,1,1,100,1
USER00000790,1,1,100,1
USER00007640,1,1,100,1
USER00007673,1,1,100,1
USER00004728,1,1,100,1
USER00005153,1,1,100,1
USER00004429,1,1,100,1
USER00006401,1,1,100,1
USER00006187,1,1,100,1
USER00005662,1,1,100,1
USER00004383,1,1,100,1
USER00000236,1,1,100,1
USER00002137,1,1,100,1
USER00001482,1,1,100,1
USER00004861,1,1,100,1
USER00005282,1,1,100,1
USER00007847,1,1,100,1
USER00006923,1,1,100,1
USER00006451,1,1,100,1
USER00006138,1,1,100,1
USER00002273,1,1,100,1
USER00005397,1,1,100,1
USER00002557,1,1,100,1
USER00001721,1,1,100,1
USER00009947,1,1,100,1
USER00008544,1,1,100,1
USER00009382,1,1,100,1
USER00009089,1,1,100,1
USER00009122,1,1,100,1
USER00007469,1,1,100,1
USER00003704,1,1,100,1
USER00006723,1,1,100,1
USER00004829,1,1,100,1
USER00006713,1,1,100,1
USER00002517,1,1,100,1
USER00004951,1,1,100,1
USER00007106,1,1,100,1
USER00008612,1,1,100,1
USER00009543,1,1,100,1
USER00009948,1,1,100,1
USER00009426,1,1,100,1
USER00009163,1,1,100,1
USER00009077,1,1,100,1
USER00009769,1,1,100,1
USER00005922,1,1,100,1
USER00004175,1,1,100,1
USER00003408,1,1,100,1
USER00006853,1,1,100,1
USER00002470,1,1,100,1
USER00006199,1,1,100,1
USER00003110,1,1,100,1
USER00005675,1,1,100,1
USER00001827,1,1,100,1
USER00005859,1,1,100,1
USER00001075,1,1,100,1
USER00001348,1,1,100,1
USER00007616,1,1,100,1
USER00006016,1,1,100,1
USER00007576,1,1,100,1
USER00005391,1,1,100,1
USER00002712,1,1,100,1
USER00001368,1,1,100,1
USER00002203,1,1,100,1
USER00007882,1,1,100,1
USER00007294,1,1,100,1
USER00000285,1,1,100,1
USER00000111,1,1,100,1
USER00006736,1,1,100,1
USER00007379,1,1,100,1
USER00001562,1,1,100,1
USER00003483,1,1,100,1
USER00007018,1,1,100,1
USER00008342,1,1,100,1
USER00008101,1,1,100,1
USER00008240,1,1,100,1
USER00009723,1,1,100,1
USER00000123,1,1,100,1
USER00000904,1,1,100,1
USER00006628,1,1,100,1
USER00006624,1,1,100,1
USER00001309,1,1,100,1
USER00007248,1,1,100,1
USER00001154,1,1,100,1
USER00005957,1,1,100,1
USER00005501,1,1,100,1
USER00000817,1,1,100,1
USER00003869,1,1,100,1
USER00007585,1,1,100,1
USER00007035,1,1,100,1
USER00003148,1,1,100,1
USER00000948,1,1,100,1
USER00007134,1,1,100,1
USER00005705,1,1,100,1
USER00002495,1,1,100,1
USER00003267,1,1,100,1
USER00001053,1,1,100,1
USER00008359,1,1,100,1
USER00008932,1,1,100,1
USER00008915,1,1,100,1
USER00009062,1,1,100,1
USER00009250,1,1,100,1
USER00008983,1,1,100,1
USER00008738,1,1,100,1
USER00008034,1,1,100,1
USER00009417,1,1,100,1
USER00009304,1,1,100,1
USER00008528,1,1,100,1
USER00000665,1,1,100,1
USER00004313,1,1,100,1
USER00007442,1,1,100,1
USER00007579,1,1,100,1
USER00006950,1,1,100,1
USER00004791,1,1,100,1
USER00006519,1,1,100,1
USER00000894,1,1,100,1
USER00002205,1,1,100,1
USER00004682,1,1,100,1
USER00002570,1,1,100,1
USER00004763,1,1,100,1
USER00001884,1,1,100,1
USER00004099,1,1,100,1
USER00006641,1,1,100,1
USER00007284,1,1,100,1
USER00004606,1,1,100,1
USER00001116,1,1,100,1
USER00001550,1,1,100,1
USER00003654,1,1,100,1
USER00002490,1,1,100,1
USER00009042,1,1,100,1
USER00008500,1,1,100,1
USER00008640,1,1,100,1
USER00008660,1,1,100,1
USER00009519,1,1,100,1
USER00009987,1,1,100,1
USER00001032,1,1,100,1
USER00002200,1,1,100,1
USER00005961,1,1,100,1
USER00000096,1,1,100,1
USER00007807,1,1,100,1
USER00003793,1,1,100,1
USER00004088,1,1,100,1
USER00004831,1,1,100,1
USER00009805,1,1,100,1
USER00008027,1,1,100,1
USER00008363,1,1,100,1
USER00008927,1,1,100,1
USER00009439,1,1,100,1
USER00009173,1,1,100,1
USER00008857,1,1,100,1
USER00008967,1,1,100,1
USER00009920,1,1,100,1
USER00007378,1,1,100,1
USER00007832,1,1,100,1
USER00001021,1,1,100,1
USER00000725,1,1,100,1
USER00004996,1,1,100,1
USER00001825,1,1,100,1
USER00007863,1,1,100,1
USER00007309,1,1,100,1
USER00005007,1,1,100,1
USER00003719,1,1,100,1
USER00002640,1,1,100,1
USER00003240,1,1,100,1
USER00005148,1,1,100,1
USER00005272,1,1,100,1
USER00005619,1,1,100,1
USER00004775,1,1,100,1
USER00001583,1,1,100,1
USER00007067,1,1,100,1
USER00007208,1,1,100,1
USER00001832,1,1,100,1
USER00001579,1,1,100,1
USER00001505,1,1,100,1
USER00006565,1,1,100,1
USER00003276,1,1,100,1
USER00008487,1,1,100,1
USER00008065,1,1,100,1
USER00008110,1,1,100,1
USER00007937,1,1,100,1
USER00005043,1,1,100,1
USER00006960,1,1,100,1
USER00003885,1,1,100,1
USER00006224,1,1,100,1
USER00004944,1,1,100,1
USER00007048,1,1,100,1
USER00003502,1,1,100,1
USER00003107,1,1,100,1
USER00000360,1,1,100,1
USER00001984,1,1,100,1
USER00005154,1,1,100,1
USER00007844,1,1,100,1
USER00000963,1,1,100,1
USER00005223,1,1,100,1
USER00006416,1,1,100,1
USER00001977,1,1,100,1
USER00004990,1,1,100,1
USER00002223,1,1,100,1
USER00004762,1,1,100,1
USER00004997,1,1,100,1
USER00001166,1,1,100,1
USER00005515,1,1,100,1
USER00006976,1,1,100,1
USER00003344,1,1,100,1
USER00004821,1,1,100,1
USER00005419,1,1,100,1
USER00009809,1,1,100,1
USER00009758,1,1,100,1
USER00008454,1,1,100,1
USER00008814,1,1,100,1
USER00002064,1,1,100,1
USER00000468,1,1,100,1
USER00002849,1,1,100,1
USER00000504,1,1,100,1
USER00000973,1,1,100,1
USER00004019,1,1,100,1
USER00002781,1,1,100,1
USER00005980,1,1,100,1
USER00002581,1,1,100,1
USER00004564,1,1,100,1
USER00006345,1,1,100,1
USER00004060,1,1,100,1
USER00001608,1,1,100,1
USER00009951,1,1,100,1
USER00008330,1,1,100,1
USER00009578,1,1,100,1
USER00009739,1,1,100,1
USER00008980,1,1,100,1
USER00008538,1,1,100,1
USER00008408,1,1,100,1
USER00008626,1,1,100,1
USER00009364,1,1,100,1
USER00008419,1,1,100,1
USER00001086,1,1,100,1
USER00000007,1,1,100,1
USER00000486,1,1,100,1
USER00005963,1,1,100,1
USER00006289,1,1,100,1
USER00007274,1,1,100,1
USER00004432,1,1,100,1
USER00006873,1,1,100,1
USER00000600,1,1,100,1
